2026-08-06T11:06:57.066+08:00  INFO 34297 --- [spring-boot-starter-smart-mvc-example] [main] .i.m.SmartMvcSpringBootStarterExampleApp : Starting SmartMvcSpringBootStarterExampleApp using Java 26.0.1 with PID 34297 (/Users/xiatian/projects/GitHub/smart-mvc/spring-boot-starter-smart-mvc-example/target/classes started by xiatian in /Users/xiatian/projects/GitHub/smart-mvc/spring-boot-starter-smart-mvc-example)
2026-08-06T11:06:57.067+08:00  INFO 34297 --- [spring-boot-starter-smart-mvc-example] [main] .i.m.SmartMvcSpringBootStarterExampleApp : No active profile set, falling back to 1 default profile: "default"
2026-08-06T11:06:57.351+08:00  INFO 34297 --- [spring-boot-starter-smart-mvc-example] [main] o.s.b.w.embedded.tomcat.TomcatWebServer  : Tomcat initialized with port 8080 (http)
2026-08-06T11:06:57.359+08:00  INFO 34297 --- [spring-boot-starter-smart-mvc-example] [main] o.apache.catalina.core.StandardService   : Starting service [Tomcat]
2026-08-06T11:06:57.359+08:00  INFO 34297 --- [spring-boot-starter-smart-mvc-example] [main] o.apache.catalina.core.StandardEngine    : Starting Servlet engine: [Apache Tomcat/10.1.48]
2026-08-06T11:06:57.380+08:00  INFO 34297 --- [spring-boot-starter-smart-mvc-example] [main] o.a.c.c.C.[Tomcat].[localhost].[/]       : Initializing Spring embedded WebApplicationContext
2026-08-06T11:06:57.380+08:00  INFO 34297 --- [spring-boot-starter-smart-mvc-example] [main] w.s.c.ServletWebServerApplicationContext : Root WebApplicationContext: initialization completed in 295 ms
2026-08-06T11:06:57.501+08:00  WARN 34297 --- [spring-boot-starter-smart-mvc-example] [main] ConfigServletWebServerApplicationContext : Exception encountered during context initialization - cancelling refresh attempt: org.springframework.context.ApplicationContextException: Failed to start bean 'webServerStartStop'
2026-08-06T11:06:57.507+08:00  INFO 34297 --- [spring-boot-starter-smart-mvc-example] [main] .s.b.a.l.ConditionEvaluationReportLogger : 

Error starting ApplicationContext. To display the condition evaluation report re-run your application with 'debug' enabled.
2026-08-06T11:06:57.514+08:00 ERROR 34297 --- [spring-boot-starter-smart-mvc-example] [main] o.s.boot.SpringApplication               : Application run failed

org.springframework.context.ApplicationContextException: Failed to start bean 'webServerStartStop'
	at org.springframework.context.support.DefaultLifecycleProcessor.doStart(DefaultLifecycleProcessor.java:408) ~[spring-context-6.2.12.jar:6.2.12]
	at org.springframework.context.support.DefaultLifecycleProcessor.doStart(DefaultLifecycleProcessor.java:394) ~[spring-context-6.2.12.jar:6.2.12]
	at org.springframework.context.support.DefaultLifecycleProcessor$LifecycleGroup.start(DefaultLifecycleProcessor.java:586) ~[spring-context-6.2.12.jar:6.2.12]
	at java.base/java.lang.Iterable.forEach(Iterable.java:75) ~[na:na]
	at org.springframework.context.support.DefaultLifecycleProcessor.startBeans(DefaultLifecycleProcessor.java:364) ~[spring-context-6.2.12.jar:6.2.12]
	at org.springframework.context.support.DefaultLifecycleProcessor.onRefresh(DefaultLifecycleProcessor.java:310) ~[spring-context-6.2.12.jar:6.2.12]
	at org.springframework.context.support.AbstractApplicationContext.finishRefresh(AbstractApplicationContext.java:1009) ~[spring-context-6.2.12.jar:6.2.12]
	at org.springframework.context.support.AbstractApplicationContext.refresh(AbstractApplicationContext.java:630) ~[spring-context-6.2.12.jar:6.2.12]
	at org.springframework.boot.web.servlet.context.ServletWebServerApplicationContext.refresh(ServletWebServerApplicationContext.java:146) ~[spring-boot-3.5.7.jar:3.5.7]
	at org.springframework.boot.SpringApplication.refresh(SpringApplication.java:752) ~[spring-boot-3.5.7.jar:3.5.7]
	at org.springframework.boot.SpringApplication.refreshContext(SpringApplication.java:439) ~[spring-boot-3.5.7.jar:3.5.7]
	at org.springframework.boot.SpringApplication.run(SpringApplication.java:318) ~[spring-boot-3.5.7.jar:3.5.7]
	at org.springframework.boot.SpringApplication.run(SpringApplication.java:1361) ~[spring-boot-3.5.7.jar:3.5.7]
	at org.springframework.boot.SpringApplication.run(SpringApplication.java:1350) ~[spring-boot-3.5.7.jar:3.5.7]
	at ink.icoding.mvc.SmartMvcSpringBootStarterExampleApp.main(SmartMvcSpringBootStarterExampleApp.java:10) ~[classes/:na]
Caused by: org.springframework.boot.web.server.WebServerException: Unable to start embedded Tomcat server
	at org.springframework.boot.web.embedded.tomcat.TomcatWebServer.start(TomcatWebServer.java:251) ~[spring-boot-3.5.7.jar:3.5.7]
	at org.springframework.boot.web.servlet.context.WebServerStartStopLifecycle.start(WebServerStartStopLifecycle.java:44) ~[spring-boot-3.5.7.jar:3.5.7]
	at org.springframework.context.support.DefaultLifecycleProcessor.doStart(DefaultLifecycleProcessor.java:405) ~[spring-context-6.2.12.jar:6.2.12]
	... 14 common frames omitted
Caused by: java.lang.IllegalArgumentException: standardService.connector.startFailed
	at org.apache.catalina.core.StandardService.addConnector(StandardService.java:220) ~[tomcat-embed-core-10.1.48.jar:10.1.48]
	at org.springframework.boot.web.embedded.tomcat.TomcatWebServer.addPreviouslyRemovedConnectors(TomcatWebServer.java:310) ~[spring-boot-3.5.7.jar:3.5.7]
	at org.springframework.boot.web.embedded.tomcat.TomcatWebServer.start(TomcatWebServer.java:236) ~[spring-boot-3.5.7.jar:3.5.7]
	... 16 common frames omitted
Caused by: org.apache.catalina.LifecycleException: Protocol handler start failed
	at org.apache.catalina.connector.Connector.startInternal(Connector.java:1104) ~[tomcat-embed-core-10.1.48.jar:10.1.48]
	at org.apache.catalina.util.LifecycleBase.start(LifecycleBase.java:164) ~[tomcat-embed-core-10.1.48.jar:10.1.48]
	at org.apache.catalina.core.StandardService.addConnector(StandardService.java:217) ~[tomcat-embed-core-10.1.48.jar:10.1.48]
	... 18 common frames omitted
Caused by: java.net.SocketException: Operation not permitted
	at java.base/sun.nio.ch.Net.bind0(Native Method) ~[na:na]
	at java.base/sun.nio.ch.Net.bind(Net.java:525) ~[na:na]
	at java.base/sun.nio.ch.ServerSocketChannelImpl.netBind(ServerSocketChannelImpl.java:333) ~[na:na]
	at java.base/sun.nio.ch.ServerSocketChannelImpl.bind(ServerSocketChannelImpl.java:296) ~[na:na]
	at org.apache.tomcat.util.net.NioEndpoint.initServerSocket(NioEndpoint.java:264) ~[tomcat-embed-core-10.1.48.jar:10.1.48]
	at org.apache.tomcat.util.net.NioEndpoint.bind(NioEndpoint.java:219) ~[tomcat-embed-core-10.1.48.jar:10.1.48]
	at org.apache.tomcat.util.net.AbstractEndpoint.bindWithCleanup(AbstractEndpoint.java:1398) ~[tomcat-embed-core-10.1.48.jar:10.1.48]
	at org.apache.tomcat.util.net.AbstractEndpoint.start(AbstractEndpoint.java:1481) ~[tomcat-embed-core-10.1.48.jar:10.1.48]
	at org.apache.coyote.AbstractProtocol.start(AbstractProtocol.java:644) ~[tomcat-embed-core-10.1.48.jar:10.1.48]
	at org.apache.catalina.connector.Connector.startInternal(Connector.java:1101) ~[tomcat-embed-core-10.1.48.jar:10.1.48]
	... 20 common frames omitted

2026-08-06T11:07:13.504+08:00  INFO 34349 --- [spring-boot-starter-smart-mvc-example] [main] .i.m.SmartMvcSpringBootStarterExampleApp : Starting SmartMvcSpringBootStarterExampleApp using Java 26.0.1 with PID 34349 (/Users/xiatian/projects/GitHub/smart-mvc/spring-boot-starter-smart-mvc-example/target/classes started by xiatian in /Users/xiatian/projects/GitHub/smart-mvc/spring-boot-starter-smart-mvc-example)
2026-08-06T11:07:13.505+08:00  INFO 34349 --- [spring-boot-starter-smart-mvc-example] [main] .i.m.SmartMvcSpringBootStarterExampleApp : No active profile set, falling back to 1 default profile: "default"
2026-08-06T11:07:13.824+08:00  INFO 34349 --- [spring-boot-starter-smart-mvc-example] [main] o.s.b.w.embedded.tomcat.TomcatWebServer  : Tomcat initialized with port 8080 (http)
2026-08-06T11:07:13.831+08:00  INFO 34349 --- [spring-boot-starter-smart-mvc-example] [main] o.apache.catalina.core.StandardService   : Starting service [Tomcat]
2026-08-06T11:07:13.831+08:00  INFO 34349 --- [spring-boot-starter-smart-mvc-example] [main] o.apache.catalina.core.StandardEngine    : Starting Servlet engine: [Apache Tomcat/10.1.48]
2026-08-06T11:07:13.849+08:00  INFO 34349 --- [spring-boot-starter-smart-mvc-example] [main] o.a.c.c.C.[Tomcat].[localhost].[/]       : Initializing Spring embedded WebApplicationContext
2026-08-06T11:07:13.849+08:00  INFO 34349 --- [spring-boot-starter-smart-mvc-example] [main] w.s.c.ServletWebServerApplicationContext : Root WebApplicationContext: initialization completed in 326 ms
2026-08-06T11:07:13.971+08:00  WARN 34349 --- [spring-boot-starter-smart-mvc-example] [main] ConfigServletWebServerApplicationContext : Exception encountered during context initialization - cancelling refresh attempt: org.springframework.context.ApplicationContextException: Failed to start bean 'webServerStartStop'
2026-08-06T11:07:13.976+08:00  INFO 34349 --- [spring-boot-starter-smart-mvc-example] [main] .s.b.a.l.ConditionEvaluationReportLogger : 

Error starting ApplicationContext. To display the condition evaluation report re-run your application with 'debug' enabled.
2026-08-06T11:07:13.982+08:00 ERROR 34349 --- [spring-boot-starter-smart-mvc-example] [main] o.s.b.d.LoggingFailureAnalysisReporter   : 

***************************
APPLICATION FAILED TO START
***************************

Description:

Web server failed to start. Port 8080 was already in use.

Action:

Identify and stop the process that's listening on port 8080 or configure this application to listen on another port.

2026-08-06T11:07:26.875+08:00  INFO 34388 --- [spring-boot-starter-smart-mvc-example] [main] .i.m.SmartMvcSpringBootStarterExampleApp : Starting SmartMvcSpringBootStarterExampleApp using Java 26.0.1 with PID 34388 (/Users/xiatian/projects/GitHub/smart-mvc/spring-boot-starter-smart-mvc-example/target/classes started by xiatian in /Users/xiatian/projects/GitHub/smart-mvc/spring-boot-starter-smart-mvc-example)
2026-08-06T11:07:26.876+08:00  INFO 34388 --- [spring-boot-starter-smart-mvc-example] [main] .i.m.SmartMvcSpringBootStarterExampleApp : No active profile set, falling back to 1 default profile: "default"
2026-08-06T11:07:27.168+08:00  INFO 34388 --- [spring-boot-starter-smart-mvc-example] [main] o.s.b.w.embedded.tomcat.TomcatWebServer  : Tomcat initialized with port 0 (http)
2026-08-06T11:07:27.174+08:00  INFO 34388 --- [spring-boot-starter-smart-mvc-example] [main] o.apache.catalina.core.StandardService   : Starting service [Tomcat]
2026-08-06T11:07:27.174+08:00  INFO 34388 --- [spring-boot-starter-smart-mvc-example] [main] o.apache.catalina.core.StandardEngine    : Starting Servlet engine: [Apache Tomcat/10.1.48]
2026-08-06T11:07:27.193+08:00  INFO 34388 --- [spring-boot-starter-smart-mvc-example] [main] o.a.c.c.C.[Tomcat].[localhost].[/]       : Initializing Spring embedded WebApplicationContext
2026-08-06T11:07:27.193+08:00  INFO 34388 --- [spring-boot-starter-smart-mvc-example] [main] w.s.c.ServletWebServerApplicationContext : Root WebApplicationContext: initialization completed in 299 ms
2026-08-06T11:07:27.310+08:00  INFO 34388 --- [spring-boot-starter-smart-mvc-example] [main] o.s.b.w.embedded.tomcat.TomcatWebServer  : Tomcat started on port 55876 (http) with context path '/'
2026-08-06T11:07:27.313+08:00  INFO 34388 --- [spring-boot-starter-smart-mvc-example] [main] .i.m.SmartMvcSpringBootStarterExampleApp : Started SmartMvcSpringBootStarterExampleApp in 0.619 seconds (process running for 0.74)
2026-08-06T11:07:42.835+08:00  INFO 34388 --- [spring-boot-starter-smart-mvc-example] [SpringApplicationShutdownHook] o.s.b.w.e.tomcat.GracefulShutdown        : Commencing graceful shutdown. Waiting for active requests to complete
2026-08-06T11:07:42.849+08:00  INFO 34388 --- [spring-boot-starter-smart-mvc-example] [tomcat-shutdown] o.s.b.w.e.tomcat.GracefulShutdown        : Graceful shutdown complete
2026-08-06T11:26:52.394+08:00  INFO 37818 --- [spring-boot-starter-smart-mvc-example] [main] .i.m.SmartMvcSpringBootStarterExampleApp : Starting SmartMvcSpringBootStarterExampleApp using Java 26.0.1 with PID 37818 (/Users/xiatian/projects/GitHub/smart-mvc/spring-boot-starter-smart-mvc-example/target/classes started by xiatian in /Users/xiatian/projects/GitHub/smart-mvc/spring-boot-starter-smart-mvc-example)
2026-08-06T11:26:52.395+08:00  INFO 37818 --- [spring-boot-starter-smart-mvc-example] [main] .i.m.SmartMvcSpringBootStarterExampleApp : No active profile set, falling back to 1 default profile: "default"
2026-08-06T11:26:52.707+08:00  INFO 37818 --- [spring-boot-starter-smart-mvc-example] [main] o.s.b.w.embedded.tomcat.TomcatWebServer  : Tomcat initialized with port 0 (http)
2026-08-06T11:26:52.715+08:00  INFO 37818 --- [spring-boot-starter-smart-mvc-example] [main] o.apache.catalina.core.StandardService   : Starting service [Tomcat]
2026-08-06T11:26:52.715+08:00  INFO 37818 --- [spring-boot-starter-smart-mvc-example] [main] o.apache.catalina.core.StandardEngine    : Starting Servlet engine: [Apache Tomcat/10.1.48]
2026-08-06T11:26:52.736+08:00  INFO 37818 --- [spring-boot-starter-smart-mvc-example] [main] o.a.c.c.C.[Tomcat].[localhost].[/]       : Initializing Spring embedded WebApplicationContext
2026-08-06T11:26:52.737+08:00  INFO 37818 --- [spring-boot-starter-smart-mvc-example] [main] w.s.c.ServletWebServerApplicationContext : Root WebApplicationContext: initialization completed in 323 ms
2026-08-06T11:26:52.868+08:00  INFO 37818 --- [spring-boot-starter-smart-mvc-example] [main] o.s.b.w.embedded.tomcat.TomcatWebServer  : Tomcat started on port 57874 (http) with context path '/'
2026-08-06T11:26:52.872+08:00  INFO 37818 --- [spring-boot-starter-smart-mvc-example] [main] .i.m.SmartMvcSpringBootStarterExampleApp : Started SmartMvcSpringBootStarterExampleApp in 0.661 seconds (process running for 0.773)
2026-08-06T11:27:10.544+08:00  INFO 37818 --- [spring-boot-starter-smart-mvc-example] [http-nio-auto-1-exec-1] o.a.c.c.C.[Tomcat].[localhost].[/]       : Initializing Spring DispatcherServlet 'dispatcherServlet'
2026-08-06T11:27:10.545+08:00  INFO 37818 --- [spring-boot-starter-smart-mvc-example] [http-nio-auto-1-exec-1] o.s.web.servlet.DispatcherServlet        : Initializing Servlet 'dispatcherServlet'
2026-08-06T11:27:10.546+08:00  INFO 37818 --- [spring-boot-starter-smart-mvc-example] [http-nio-auto-1-exec-1] o.s.web.servlet.DispatcherServlet        : Completed initialization in 1 ms
2026-08-06T11:27:15.191+08:00  INFO 37818 --- [spring-boot-starter-smart-mvc-example] [SpringApplicationShutdownHook] o.s.b.w.e.tomcat.GracefulShutdown        : Commencing graceful shutdown. Waiting for active requests to complete
2026-08-06T11:27:15.195+08:00  INFO 37818 --- [spring-boot-starter-smart-mvc-example] [tomcat-shutdown] o.s.b.w.e.tomcat.GracefulShutdown        : Graceful shutdown complete
2026-08-06T14:13:07.689+08:00  INFO 44649 --- [spring-boot-starter-smart-mvc-example] [main] .i.m.SmartMvcSpringBootStarterExampleApp : Starting SmartMvcSpringBootStarterExampleApp using Java 26.0.1 with PID 44649 (/Users/xiatian/projects/GitHub/smart-mvc/spring-boot-starter-smart-mvc-example/target/classes started by xiatian in /Users/xiatian/projects/GitHub/smart-mvc/spring-boot-starter-smart-mvc-example)
2026-08-06T14:13:07.691+08:00  INFO 44649 --- [spring-boot-starter-smart-mvc-example] [main] .i.m.SmartMvcSpringBootStarterExampleApp : No active profile set, falling back to 1 default profile: "default"
2026-08-06T14:13:08.002+08:00  INFO 44649 --- [spring-boot-starter-smart-mvc-example] [main] o.s.b.w.embedded.tomcat.TomcatWebServer  : Tomcat initialized with port 0 (http)
2026-08-06T14:13:08.009+08:00  INFO 44649 --- [spring-boot-starter-smart-mvc-example] [main] o.apache.catalina.core.StandardService   : Starting service [Tomcat]
2026-08-06T14:13:08.009+08:00  INFO 44649 --- [spring-boot-starter-smart-mvc-example] [main] o.apache.catalina.core.StandardEngine    : Starting Servlet engine: [Apache Tomcat/10.1.48]
2026-08-06T14:13:08.027+08:00  INFO 44649 --- [spring-boot-starter-smart-mvc-example] [main] o.a.c.c.C.[Tomcat].[localhost].[/]       : Initializing Spring embedded WebApplicationContext
2026-08-06T14:13:08.027+08:00  INFO 44649 --- [spring-boot-starter-smart-mvc-example] [main] w.s.c.ServletWebServerApplicationContext : Root WebApplicationContext: initialization completed in 319 ms
2026-08-06T14:13:08.156+08:00  INFO 44649 --- [spring-boot-starter-smart-mvc-example] [main] o.s.b.w.embedded.tomcat.TomcatWebServer  : Tomcat started on port 53490 (http) with context path '/'
2026-08-06T14:13:08.159+08:00  INFO 44649 --- [spring-boot-starter-smart-mvc-example] [main] .i.m.SmartMvcSpringBootStarterExampleApp : Started SmartMvcSpringBootStarterExampleApp in 0.642 seconds (process running for 0.756)
2026-08-06T14:13:29.093+08:00  INFO 44649 --- [spring-boot-starter-smart-mvc-example] [http-nio-auto-1-exec-2] o.a.c.c.C.[Tomcat].[localhost].[/]       : Initializing Spring DispatcherServlet 'dispatcherServlet'
2026-08-06T14:13:29.093+08:00  INFO 44649 --- [spring-boot-starter-smart-mvc-example] [http-nio-auto-1-exec-2] o.s.web.servlet.DispatcherServlet        : Initializing Servlet 'dispatcherServlet'
2026-08-06T14:13:29.094+08:00  INFO 44649 --- [spring-boot-starter-smart-mvc-example] [http-nio-auto-1-exec-2] o.s.web.servlet.DispatcherServlet        : Completed initialization in 0 ms
2026-08-06T14:13:29.122+08:00  INFO 44649 --- [spring-boot-starter-smart-mvc-example] [http-nio-auto-1-exec-4] i.i.mvc.logging.RequestLoggingFilter     : HTTP GET /example/missing -> 404 (26 ms)
2026-08-06T14:13:29.122+08:00  INFO 44649 --- [spring-boot-starter-smart-mvc-example] [http-nio-auto-1-exec-3] i.i.mvc.logging.RequestLoggingFilter     : HTTP GET /example/response -> 200 (26 ms)
2026-08-06T14:13:29.122+08:00  INFO 44649 --- [spring-boot-starter-smart-mvc-example] [http-nio-auto-1-exec-2] i.i.mvc.logging.RequestLoggingFilter     : HTTP GET /example/time?value=2026-08-06 -> 200 (26 ms)
2026-08-06T14:13:29.122+08:00  INFO 44649 --- [spring-boot-starter-smart-mvc-example] [http-nio-auto-1-exec-5] i.i.mvc.logging.RequestLoggingFilter     : HTTP GET /example/void -> 200 (26 ms)
2026-08-06T14:13:29.135+08:00  INFO 44649 --- [spring-boot-starter-smart-mvc-example] [http-nio-auto-1-exec-1] i.i.mvc.logging.RequestLoggingFilter     : HTTP GET /example/validate?value=0 -> 400 (39 ms)
2026-08-06T14:13:51.303+08:00  INFO 44649 --- [spring-boot-starter-smart-mvc-example] [SpringApplicationShutdownHook] o.s.b.w.e.tomcat.GracefulShutdown        : Commencing graceful shutdown. Waiting for active requests to complete
2026-08-06T14:13:51.308+08:00  INFO 44649 --- [spring-boot-starter-smart-mvc-example] [tomcat-shutdown] o.s.b.w.e.tomcat.GracefulShutdown        : Graceful shutdown complete
2026-08-06T14:16:02.331+08:00  INFO 45040 --- [spring-boot-starter-smart-mvc-example] [main] .i.m.SmartMvcSpringBootStarterExampleApp : Starting SmartMvcSpringBootStarterExampleApp using Java 26.0.1 with PID 45040 (/Users/xiatian/projects/GitHub/smart-mvc/spring-boot-starter-smart-mvc-example/target/classes started by xiatian in /Users/xiatian/projects/GitHub/smart-mvc/spring-boot-starter-smart-mvc-example)
2026-08-06T14:16:02.332+08:00  INFO 45040 --- [spring-boot-starter-smart-mvc-example] [main] .i.m.SmartMvcSpringBootStarterExampleApp : No active profile set, falling back to 1 default profile: "default"
2026-08-06T14:16:02.630+08:00  INFO 45040 --- [spring-boot-starter-smart-mvc-example] [main] o.s.b.w.embedded.tomcat.TomcatWebServer  : Tomcat initialized with port 0 (http)
2026-08-06T14:16:02.637+08:00  INFO 45040 --- [spring-boot-starter-smart-mvc-example] [main] o.apache.catalina.core.StandardService   : Starting service [Tomcat]
2026-08-06T14:16:02.638+08:00  INFO 45040 --- [spring-boot-starter-smart-mvc-example] [main] o.apache.catalina.core.StandardEngine    : Starting Servlet engine: [Apache Tomcat/10.1.48]
2026-08-06T14:16:02.658+08:00  INFO 45040 --- [spring-boot-starter-smart-mvc-example] [main] o.a.c.c.C.[Tomcat].[localhost].[/]       : Initializing Spring embedded WebApplicationContext
2026-08-06T14:16:02.658+08:00  INFO 45040 --- [spring-boot-starter-smart-mvc-example] [main] w.s.c.ServletWebServerApplicationContext : Root WebApplicationContext: initialization completed in 308 ms
2026-08-06T14:16:02.795+08:00  INFO 45040 --- [spring-boot-starter-smart-mvc-example] [main] o.s.b.w.embedded.tomcat.TomcatWebServer  : Tomcat started on port 54488 (http) with context path '/'
2026-08-06T14:16:02.798+08:00  INFO 45040 --- [spring-boot-starter-smart-mvc-example] [main] .i.m.SmartMvcSpringBootStarterExampleApp : Started SmartMvcSpringBootStarterExampleApp in 0.646 seconds (process running for 0.748)
2026-08-06T14:16:16.147+08:00  INFO 45040 --- [spring-boot-starter-smart-mvc-example] [http-nio-auto-1-exec-1] o.a.c.c.C.[Tomcat].[localhost].[/]       : Initializing Spring DispatcherServlet 'dispatcherServlet'
2026-08-06T14:16:16.147+08:00  INFO 45040 --- [spring-boot-starter-smart-mvc-example] [http-nio-auto-1-exec-1] o.s.web.servlet.DispatcherServlet        : Initializing Servlet 'dispatcherServlet'
2026-08-06T14:16:16.150+08:00  INFO 45040 --- [spring-boot-starter-smart-mvc-example] [http-nio-auto-1-exec-1] o.s.web.servlet.DispatcherServlet        : Completed initialization in 2 ms
2026-08-06T14:16:16.190+08:00  INFO 45040 --- [spring-boot-starter-smart-mvc-example] [http-nio-auto-1-exec-1] i.i.mvc.logging.RequestLoggingFilter     : HTTP GET /example/response -> 200 (37 ms)
2026-08-06T14:16:20.811+08:00  INFO 45040 --- [spring-boot-starter-smart-mvc-example] [SpringApplicationShutdownHook] o.s.b.w.e.tomcat.GracefulShutdown        : Commencing graceful shutdown. Waiting for active requests to complete
2026-08-06T14:16:20.816+08:00  INFO 45040 --- [spring-boot-starter-smart-mvc-example] [tomcat-shutdown] o.s.b.w.e.tomcat.GracefulShutdown        : Graceful shutdown complete
2026-08-06T14:36:06.733+08:00  INFO 46419 --- [spring-boot-starter-smart-mvc-example] [main] .i.m.SmartMvcSpringBootStarterExampleApp : Starting SmartMvcSpringBootStarterExampleApp using Java 26.0.1 with PID 46419 (/Users/xiatian/projects/GitHub/smart-mvc/spring-boot-starter-smart-mvc-example/target/classes started by xiatian in /Users/xiatian/projects/GitHub/smart-mvc/spring-boot-starter-smart-mvc-example)
2026-08-06T14:36:06.734+08:00  INFO 46419 --- [spring-boot-starter-smart-mvc-example] [main] .i.m.SmartMvcSpringBootStarterExampleApp : No active profile set, falling back to 1 default profile: "default"
2026-08-06T14:36:07.131+08:00  INFO 46419 --- [spring-boot-starter-smart-mvc-example] [main] o.s.b.w.embedded.tomcat.TomcatWebServer  : Tomcat initialized with port 18087 (http)
2026-08-06T14:36:07.139+08:00  INFO 46419 --- [spring-boot-starter-smart-mvc-example] [main] o.apache.catalina.core.StandardService   : Starting service [Tomcat]
2026-08-06T14:36:07.139+08:00  INFO 46419 --- [spring-boot-starter-smart-mvc-example] [main] o.apache.catalina.core.StandardEngine    : Starting Servlet engine: [Apache Tomcat/10.1.48]
2026-08-06T14:36:07.161+08:00  INFO 46419 --- [spring-boot-starter-smart-mvc-example] [main] o.a.c.c.C.[Tomcat].[localhost].[/]       : Initializing Spring embedded WebApplicationContext
2026-08-06T14:36:07.161+08:00  INFO 46419 --- [spring-boot-starter-smart-mvc-example] [main] w.s.c.ServletWebServerApplicationContext : Root WebApplicationContext: initialization completed in 402 ms
2026-08-06T14:36:07.306+08:00  INFO 46419 --- [spring-boot-starter-smart-mvc-example] [main] o.s.b.w.embedded.tomcat.TomcatWebServer  : Tomcat started on port 18087 (http) with context path '/'
2026-08-06T14:36:07.310+08:00  INFO 46419 --- [spring-boot-starter-smart-mvc-example] [main] .i.m.SmartMvcSpringBootStarterExampleApp : Started SmartMvcSpringBootStarterExampleApp in 0.758 seconds (process running for 0.876)
2026-08-06T14:36:52.661+08:00  INFO 46419 --- [spring-boot-starter-smart-mvc-example] [http-nio-18087-exec-1] o.a.c.c.C.[Tomcat].[localhost].[/]       : Initializing Spring DispatcherServlet 'dispatcherServlet'
2026-08-06T14:36:52.664+08:00  INFO 46419 --- [spring-boot-starter-smart-mvc-example] [http-nio-18087-exec-1] o.s.web.servlet.DispatcherServlet        : Initializing Servlet 'dispatcherServlet'
2026-08-06T14:36:52.666+08:00  INFO 46419 --- [spring-boot-starter-smart-mvc-example] [http-nio-18087-exec-1] o.s.web.servlet.DispatcherServlet        : Completed initialization in 2 ms
2026-08-06T14:36:52.731+08:00  INFO 46419 --- [spring-boot-starter-smart-mvc-example] [http-nio-18087-exec-1] i.i.mvc.logging.RequestLoggingFilter     : HTTP GET /example/response -> 200 (62 ms)
2026-08-06T14:37:05.799+08:00  INFO 46419 --- [spring-boot-starter-smart-mvc-example] [http-nio-18087-exec-2] i.i.mvc.logging.RequestLoggingFilter     : HTTP GET /example/missing -> 404 (15 ms)
2026-08-06T14:37:10.443+08:00  INFO 46419 --- [spring-boot-starter-smart-mvc-example] [SpringApplicationShutdownHook] o.s.b.w.e.tomcat.GracefulShutdown        : Commencing graceful shutdown. Waiting for active requests to complete
2026-08-06T14:37:10.448+08:00  INFO 46419 --- [spring-boot-starter-smart-mvc-example] [tomcat-shutdown] o.s.b.w.e.tomcat.GracefulShutdown        : Graceful shutdown complete
2026-08-06T14:45:32.174+08:00  INFO 47344 --- [spring-boot-starter-smart-mvc-example] [main] .i.m.SmartMvcSpringBootStarterExampleApp : Starting SmartMvcSpringBootStarterExampleApp using Java 26.0.1 with PID 47344 (/Users/xiatian/projects/GitHub/smart-mvc/spring-boot-starter-smart-mvc-example/target/classes started by xiatian in /Users/xiatian/projects/GitHub/smart-mvc/spring-boot-starter-smart-mvc-example)
2026-08-06T14:45:32.176+08:00  INFO 47344 --- [spring-boot-starter-smart-mvc-example] [main] .i.m.SmartMvcSpringBootStarterExampleApp : No active profile set, falling back to 1 default profile: "default"
2026-08-06T14:45:32.787+08:00  INFO 47344 --- [spring-boot-starter-smart-mvc-example] [main] o.s.b.w.embedded.tomcat.TomcatWebServer  : Tomcat initialized with port 18087 (http)
2026-08-06T14:45:32.803+08:00  INFO 47344 --- [spring-boot-starter-smart-mvc-example] [main] o.apache.catalina.core.StandardService   : Starting service [Tomcat]
2026-08-06T14:45:32.803+08:00  INFO 47344 --- [spring-boot-starter-smart-mvc-example] [main] o.apache.catalina.core.StandardEngine    : Starting Servlet engine: [Apache Tomcat/10.1.48]
2026-08-06T14:45:32.853+08:00  INFO 47344 --- [spring-boot-starter-smart-mvc-example] [main] o.a.c.c.C.[Tomcat].[localhost].[/]       : Initializing Spring embedded WebApplicationContext
2026-08-06T14:45:32.853+08:00  INFO 47344 --- [spring-boot-starter-smart-mvc-example] [main] w.s.c.ServletWebServerApplicationContext : Root WebApplicationContext: initialization completed in 654 ms
2026-08-06T14:45:33.083+08:00  INFO 47344 --- [spring-boot-starter-smart-mvc-example] [main] o.s.b.w.embedded.tomcat.TomcatWebServer  : Tomcat started on port 18087 (http) with context path '/'
2026-08-06T14:45:33.088+08:00  INFO 47344 --- [spring-boot-starter-smart-mvc-example] [main] .i.m.SmartMvcSpringBootStarterExampleApp : Started SmartMvcSpringBootStarterExampleApp in 1.153 seconds (process running for 1.304)
2026-08-06T14:45:49.546+08:00  INFO 47344 --- [spring-boot-starter-smart-mvc-example] [http-nio-18087-exec-1] o.a.c.c.C.[Tomcat].[localhost].[/]       : Initializing Spring DispatcherServlet 'dispatcherServlet'
2026-08-06T14:45:49.548+08:00  INFO 47344 --- [spring-boot-starter-smart-mvc-example] [http-nio-18087-exec-1] o.s.web.servlet.DispatcherServlet        : Initializing Servlet 'dispatcherServlet'
2026-08-06T14:45:49.551+08:00  INFO 47344 --- [spring-boot-starter-smart-mvc-example] [http-nio-18087-exec-1] o.s.web.servlet.DispatcherServlet        : Completed initialization in 3 ms
2026-08-06T14:45:49.591+08:00  INFO 47344 --- [spring-boot-starter-smart-mvc-example] [http-nio-18087-exec-1] i.i.mvc.logging.RequestLoggingFilter     : HTTP GET /example/response -> 200 (37 ms)
2026-08-06T14:45:59.033+08:00  INFO 47344 --- [spring-boot-starter-smart-mvc-example] [http-nio-18087-exec-2] i.i.mvc.logging.RequestLoggingFilter     : HTTP GET /example/instant?value=2026-08-06%2014%3A30%3A00 -> 200 (6 ms)
2026-08-06T14:46:02.894+08:00  INFO 47344 --- [spring-boot-starter-smart-mvc-example] [SpringApplicationShutdownHook] o.s.b.w.e.tomcat.GracefulShutdown        : Commencing graceful shutdown. Waiting for active requests to complete
2026-08-06T14:46:02.909+08:00  INFO 47344 --- [spring-boot-starter-smart-mvc-example] [tomcat-shutdown] o.s.b.w.e.tomcat.GracefulShutdown        : Graceful shutdown complete
2026-08-06T15:08:59.600+08:00  INFO 49133 --- [spring-boot-starter-smart-mvc-example] [main] .i.m.SmartMvcSpringBootStarterExampleApp : Starting SmartMvcSpringBootStarterExampleApp using Java 26.0.1 with PID 49133 (/Users/xiatian/projects/GitHub/smart-mvc/spring-boot-starter-smart-mvc-example/target/classes started by xiatian in /Users/xiatian/projects/GitHub/smart-mvc/spring-boot-starter-smart-mvc-example)
2026-08-06T15:08:59.601+08:00  INFO 49133 --- [spring-boot-starter-smart-mvc-example] [main] .i.m.SmartMvcSpringBootStarterExampleApp : No active profile set, falling back to 1 default profile: "default"
2026-08-06T15:08:59.934+08:00  INFO 49133 --- [spring-boot-starter-smart-mvc-example] [main] o.s.b.w.embedded.tomcat.TomcatWebServer  : Tomcat initialized with port 18087 (http)
2026-08-06T15:08:59.941+08:00  INFO 49133 --- [spring-boot-starter-smart-mvc-example] [main] o.apache.catalina.core.StandardService   : Starting service [Tomcat]
2026-08-06T15:08:59.941+08:00  INFO 49133 --- [spring-boot-starter-smart-mvc-example] [main] o.apache.catalina.core.StandardEngine    : Starting Servlet engine: [Apache Tomcat/10.1.48]
2026-08-06T15:08:59.959+08:00  INFO 49133 --- [spring-boot-starter-smart-mvc-example] [main] o.a.c.c.C.[Tomcat].[localhost].[/]       : Initializing Spring embedded WebApplicationContext
2026-08-06T15:08:59.960+08:00  INFO 49133 --- [spring-boot-starter-smart-mvc-example] [main] w.s.c.ServletWebServerApplicationContext : Root WebApplicationContext: initialization completed in 341 ms
2026-08-06T15:09:00.096+08:00  INFO 49133 --- [spring-boot-starter-smart-mvc-example] [main] o.s.b.w.embedded.tomcat.TomcatWebServer  : Tomcat started on port 18087 (http) with context path '/'
2026-08-06T15:09:00.099+08:00  INFO 49133 --- [spring-boot-starter-smart-mvc-example] [main] .i.m.SmartMvcSpringBootStarterExampleApp : Started SmartMvcSpringBootStarterExampleApp in 0.668 seconds (process running for 0.774)
2026-08-06T15:09:18.008+08:00  INFO 49133 --- [spring-boot-starter-smart-mvc-example] [http-nio-18087-exec-1] o.a.c.c.C.[Tomcat].[localhost].[/]       : Initializing Spring DispatcherServlet 'dispatcherServlet'
2026-08-06T15:09:18.008+08:00  INFO 49133 --- [spring-boot-starter-smart-mvc-example] [http-nio-18087-exec-1] o.s.web.servlet.DispatcherServlet        : Initializing Servlet 'dispatcherServlet'
2026-08-06T15:09:18.009+08:00  INFO 49133 --- [spring-boot-starter-smart-mvc-example] [http-nio-18087-exec-1] o.s.web.servlet.DispatcherServlet        : Completed initialization in 1 ms
2026-08-06T15:09:18.049+08:00  INFO 49133 --- [spring-boot-starter-smart-mvc-example] [http-nio-18087-exec-1] i.icoding.mvc.SmartMvcExampleController  : HTTP GET /example/response -> 200 (38 ms)
2026-08-06T15:09:36.503+08:00  INFO 49133 --- [spring-boot-starter-smart-mvc-example] [SpringApplicationShutdownHook] o.s.b.w.e.tomcat.GracefulShutdown        : Commencing graceful shutdown. Waiting for active requests to complete
2026-08-06T15:09:36.508+08:00  INFO 49133 --- [spring-boot-starter-smart-mvc-example] [tomcat-shutdown] o.s.b.w.e.tomcat.GracefulShutdown        : Graceful shutdown complete
2026-08-06T15:41:07.338+08:00  INFO 50516 --- [spring-boot-starter-smart-mvc-example] [main] i.m.ExampleAuthenticationIntegrationTest : Starting ExampleAuthenticationIntegrationTest using Java 26.0.1 with PID 50516 (started by xiatian in /Users/xiatian/projects/GitHub/smart-mvc/spring-boot-starter-smart-mvc-example)
2026-08-06T15:41:07.339+08:00  INFO 50516 --- [spring-boot-starter-smart-mvc-example] [main] i.m.ExampleAuthenticationIntegrationTest : No active profile set, falling back to 1 default profile: "default"
2026-08-06T15:41:08.440+08:00  INFO 50516 --- [spring-boot-starter-smart-mvc-example] [main] o.s.b.t.m.w.SpringBootMockServletContext : Initializing Spring TestDispatcherServlet ''
2026-08-06T15:41:08.440+08:00  INFO 50516 --- [spring-boot-starter-smart-mvc-example] [main] o.s.t.web.servlet.TestDispatcherServlet  : Initializing Servlet ''
2026-08-06T15:41:08.441+08:00  INFO 50516 --- [spring-boot-starter-smart-mvc-example] [main] o.s.t.web.servlet.TestDispatcherServlet  : Completed initialization in 1 ms
2026-08-06T15:41:08.456+08:00  INFO 50516 --- [spring-boot-starter-smart-mvc-example] [main] i.m.ExampleAuthenticationIntegrationTest : Started ExampleAuthenticationIntegrationTest in 1.284 seconds (process running for 1.693)
2026-08-06T15:41:29.771+08:00  WARN 50516 --- [spring-boot-starter-smart-mvc-example] [main] o.s.test.context.TestContextManager      : Caught exception while invoking 'beforeTestMethod' callback on TestExecutionListener [org.springframework.boot.test.mock.mockito.ResetMocksTestExecutionListener] for test method [void ink.icoding.mvc.ExampleAuthenticationIntegrationTest.allowsAnonymousEndpointWithoutCreatingCurrentIdentity() throws java.lang.Exception] and test instance [ink.icoding.mvc.ExampleAuthenticationIntegrationTest@2047981]

java.lang.IllegalStateException: Could not initialize plugin: interface org.mockito.plugins.MockMaker (alternate: null)
	at org.mockito.internal.configuration.plugins.PluginLoader$1.invoke(PluginLoader.java:85) ~[mockito-core-5.17.0.jar:na]
	at jdk.proxy2/jdk.proxy2.$Proxy85.getHandler(Unknown Source) ~[na:na]
	at org.mockito.internal.util.MockUtil.getMockHandlerOrNull(MockUtil.java:158) ~[mockito-core-5.17.0.jar:na]
	at org.mockito.internal.util.MockUtil.isMock(MockUtil.java:147) ~[mockito-core-5.17.0.jar:na]
	at org.mockito.internal.util.DefaultMockingDetails.isMock(DefaultMockingDetails.java:32) ~[mockito-core-5.17.0.jar:na]
	at org.springframework.boot.test.mock.mockito.MockReset.get(MockReset.java:109) ~[spring-boot-test-3.5.7.jar:3.5.7]
	at org.springframework.boot.test.mock.mockito.ResetMocksTestExecutionListener.resetMocks(ResetMocksTestExecutionListener.java:89) ~[spring-boot-test-3.5.7.jar:3.5.7]
	at org.springframework.boot.test.mock.mockito.ResetMocksTestExecutionListener.resetMocks(ResetMocksTestExecutionListener.java:77) ~[spring-boot-test-3.5.7.jar:3.5.7]
	at org.springframework.boot.test.mock.mockito.ResetMocksTestExecutionListener.beforeTestMethod(ResetMocksTestExecutionListener.java:64) ~[spring-boot-test-3.5.7.jar:3.5.7]
	at org.springframework.test.context.TestContextManager.beforeTestMethod(TestContextManager.java:320) ~[spring-test-6.2.12.jar:6.2.12]
	at org.springframework.test.context.junit.jupiter.SpringExtension.beforeEach(SpringExtension.java:236) ~[spring-test-6.2.12.jar:6.2.12]
	at org.junit.jupiter.engine.descriptor.TestMethodTestDescriptor.lambda$invokeBeforeEachCallbacks$2(TestMethodTestDescriptor.java:165) ~[junit-jupiter-engine-5.12.2.jar:5.12.2]
	at org.junit.jupiter.engine.descriptor.TestMethodTestDescriptor.lambda$invokeBeforeMethodsOrCallbacksUntilExceptionOccurs$6(TestMethodTestDescriptor.java:201) ~[junit-jupiter-engine-5.12.2.jar:5.12.2]
	at org.junit.platform.engine.support.hierarchical.ThrowableCollector.execute(ThrowableCollector.java:73) ~[junit-platform-engine-1.12.2.jar:1.12.2]
	at org.junit.jupiter.engine.descriptor.TestMethodTestDescriptor.invokeBeforeMethodsOrCallbacksUntilExceptionOccurs(TestMethodTestDescriptor.java:201) ~[junit-jupiter-engine-5.12.2.jar:5.12.2]
	at org.junit.jupiter.engine.descriptor.TestMethodTestDescriptor.invokeBeforeEachCallbacks(TestMethodTestDescriptor.java:164) ~[junit-jupiter-engine-5.12.2.jar:5.12.2]
	at org.junit.jupiter.engine.descriptor.TestMethodTestDescriptor.execute(TestMethodTestDescriptor.java:131) ~[junit-jupiter-engine-5.12.2.jar:5.12.2]
	at org.junit.jupiter.engine.descriptor.TestMethodTestDescriptor.execute(TestMethodTestDescriptor.java:69) ~[junit-jupiter-engine-5.12.2.jar:5.12.2]
	at org.junit.platform.engine.support.hierarchical.NodeTestTask.lambda$executeRecursively$6(NodeTestTask.java:156) ~[junit-platform-engine-1.12.2.jar:1.12.2]
	at org.junit.platform.engine.support.hierarchical.ThrowableCollector.execute(ThrowableCollector.java:73) ~[junit-platform-engine-1.12.2.jar:1.12.2]
	at org.junit.platform.engine.support.hierarchical.NodeTestTask.lambda$executeRecursively$8(NodeTestTask.java:146) ~[junit-platform-engine-1.12.2.jar:1.12.2]
	at org.junit.platform.engine.support.hierarchical.Node.around(Node.java:137) ~[junit-platform-engine-1.12.2.jar:1.12.2]
	at org.junit.platform.engine.support.hierarchical.NodeTestTask.lambda$executeRecursively$9(NodeTestTask.java:144) ~[junit-platform-engine-1.12.2.jar:1.12.2]
	at org.junit.platform.engine.support.hierarchical.ThrowableCollector.execute(ThrowableCollector.java:73) ~[junit-platform-engine-1.12.2.jar:1.12.2]
	at org.junit.platform.engine.support.hierarchical.NodeTestTask.executeRecursively(NodeTestTask.java:143) ~[junit-platform-engine-1.12.2.jar:1.12.2]
	at org.junit.platform.engine.support.hierarchical.NodeTestTask.execute(NodeTestTask.java:100) ~[junit-platform-engine-1.12.2.jar:1.12.2]
	at java.base/java.util.ArrayList.forEach(ArrayList.java:1612) ~[na:na]
	at org.junit.platform.engine.support.hierarchical.SameThreadHierarchicalTestExecutorService.invokeAll(SameThreadHierarchicalTestExecutorService.java:41) ~[junit-platform-engine-1.12.2.jar:1.12.2]
	at org.junit.platform.engine.support.hierarchical.NodeTestTask.lambda$executeRecursively$6(NodeTestTask.java:160) ~[junit-platform-engine-1.12.2.jar:1.12.2]
	at org.junit.platform.engine.support.hierarchical.ThrowableCollector.execute(ThrowableCollector.java:73) ~[junit-platform-engine-1.12.2.jar:1.12.2]
	at org.junit.platform.engine.support.hierarchical.NodeTestTask.lambda$executeRecursively$8(NodeTestTask.java:146) ~[junit-platform-engine-1.12.2.jar:1.12.2]
	at org.junit.platform.engine.support.hierarchical.Node.around(Node.java:137) ~[junit-platform-engine-1.12.2.jar:1.12.2]
	at org.junit.platform.engine.support.hierarchical.NodeTestTask.lambda$executeRecursively$9(NodeTestTask.java:144) ~[junit-platform-engine-1.12.2.jar:1.12.2]
	at org.junit.platform.engine.support.hierarchical.ThrowableCollector.execute(ThrowableCollector.java:73) ~[junit-platform-engine-1.12.2.jar:1.12.2]
	at org.junit.platform.engine.support.hierarchical.NodeTestTask.executeRecursively(NodeTestTask.java:143) ~[junit-platform-engine-1.12.2.jar:1.12.2]
	at org.junit.platform.engine.support.hierarchical.NodeTestTask.execute(NodeTestTask.java:100) ~[junit-platform-engine-1.12.2.jar:1.12.2]
	at java.base/java.util.ArrayList.forEach(ArrayList.java:1612) ~[na:na]
	at org.junit.platform.engine.support.hierarchical.SameThreadHierarchicalTestExecutorService.invokeAll(SameThreadHierarchicalTestExecutorService.java:41) ~[junit-platform-engine-1.12.2.jar:1.12.2]
	at org.junit.platform.engine.support.hierarchical.NodeTestTask.lambda$executeRecursively$6(NodeTestTask.java:160) ~[junit-platform-engine-1.12.2.jar:1.12.2]
	at org.junit.platform.engine.support.hierarchical.ThrowableCollector.execute(ThrowableCollector.java:73) ~[junit-platform-engine-1.12.2.jar:1.12.2]
	at org.junit.platform.engine.support.hierarchical.NodeTestTask.lambda$executeRecursively$8(NodeTestTask.java:146) ~[junit-platform-engine-1.12.2.jar:1.12.2]
	at org.junit.platform.engine.support.hierarchical.Node.around(Node.java:137) ~[junit-platform-engine-1.12.2.jar:1.12.2]
	at org.junit.platform.engine.support.hierarchical.NodeTestTask.lambda$executeRecursively$9(NodeTestTask.java:144) ~[junit-platform-engine-1.12.2.jar:1.12.2]
	at org.junit.platform.engine.support.hierarchical.ThrowableCollector.execute(ThrowableCollector.java:73) ~[junit-platform-engine-1.12.2.jar:1.12.2]
	at org.junit.platform.engine.support.hierarchical.NodeTestTask.executeRecursively(NodeTestTask.java:143) ~[junit-platform-engine-1.12.2.jar:1.12.2]
	at org.junit.platform.engine.support.hierarchical.NodeTestTask.execute(NodeTestTask.java:100) ~[junit-platform-engine-1.12.2.jar:1.12.2]
	at org.junit.platform.engine.support.hierarchical.SameThreadHierarchicalTestExecutorService.submit(SameThreadHierarchicalTestExecutorService.java:35) ~[junit-platform-engine-1.12.2.jar:1.12.2]
	at org.junit.platform.engine.support.hierarchical.HierarchicalTestExecutor.execute(HierarchicalTestExecutor.java:57) ~[junit-platform-engine-1.12.2.jar:1.12.2]
	at org.junit.platform.engine.support.hierarchical.HierarchicalTestEngine.execute(HierarchicalTestEngine.java:54) ~[junit-platform-engine-1.12.2.jar:1.12.2]
	at org.junit.platform.launcher.core.EngineExecutionOrchestrator.execute(EngineExecutionOrchestrator.java:201) ~[junit-platform-launcher-1.12.2.jar:1.12.2]
	at org.junit.platform.launcher.core.EngineExecutionOrchestrator.execute(EngineExecutionOrchestrator.java:170) ~[junit-platform-launcher-1.12.2.jar:1.12.2]
	at org.junit.platform.launcher.core.EngineExecutionOrchestrator.execute(EngineExecutionOrchestrator.java:94) ~[junit-platform-launcher-1.12.2.jar:1.12.2]
	at org.junit.platform.launcher.core.EngineExecutionOrchestrator.lambda$execute$0(EngineExecutionOrchestrator.java:59) ~[junit-platform-launcher-1.12.2.jar:1.12.2]
	at org.junit.platform.launcher.core.EngineExecutionOrchestrator.withInterceptedStreams(EngineExecutionOrchestrator.java:142) ~[junit-platform-launcher-1.12.2.jar:1.12.2]
	at org.junit.platform.launcher.core.EngineExecutionOrchestrator.execute(EngineExecutionOrchestrator.java:58) ~[junit-platform-launcher-1.12.2.jar:1.12.2]
	at org.junit.platform.launcher.core.DefaultLauncher.execute(DefaultLauncher.java:103) ~[junit-platform-launcher-1.12.2.jar:1.12.2]
	at org.junit.platform.launcher.core.DefaultLauncher.execute(DefaultLauncher.java:85) ~[junit-platform-launcher-1.12.2.jar:1.12.2]
	at org.junit.platform.launcher.core.DelegatingLauncher.execute(DelegatingLauncher.java:47) ~[junit-platform-launcher-1.12.2.jar:1.12.2]
	at org.junit.platform.launcher.core.InterceptingLauncher.lambda$execute$1(InterceptingLauncher.java:39) ~[junit-platform-launcher-1.12.2.jar:1.12.2]
	at org.junit.platform.launcher.core.ClasspathAlignmentCheckingLauncherInterceptor.intercept(ClasspathAlignmentCheckingLauncherInterceptor.java:25) ~[junit-platform-launcher-1.12.2.jar:1.12.2]
	at org.junit.platform.launcher.core.InterceptingLauncher.execute(InterceptingLauncher.java:38) ~[junit-platform-launcher-1.12.2.jar:1.12.2]
	at org.junit.platform.launcher.core.DelegatingLauncher.execute(DelegatingLauncher.java:47) ~[junit-platform-launcher-1.12.2.jar:1.12.2]
	at org.apache.maven.surefire.junitplatform.LazyLauncher.execute(LazyLauncher.java:56) ~[surefire-junit-platform-3.2.5.jar:3.2.5]
	at org.apache.maven.surefire.junitplatform.JUnitPlatformProvider.execute(JUnitPlatformProvider.java:184) ~[surefire-junit-platform-3.2.5.jar:3.2.5]
	at org.apache.maven.surefire.junitplatform.JUnitPlatformProvider.invokeAllTests(JUnitPlatformProvider.java:148) ~[surefire-junit-platform-3.2.5.jar:3.2.5]
	at org.apache.maven.surefire.junitplatform.JUnitPlatformProvider.invoke(JUnitPlatformProvider.java:122) ~[surefire-junit-platform-3.2.5.jar:3.2.5]
	at org.apache.maven.surefire.booter.ForkedBooter.runSuitesInProcess(ForkedBooter.java:385) ~[surefire-booter-3.2.5.jar:3.2.5]
	at org.apache.maven.surefire.booter.ForkedBooter.execute(ForkedBooter.java:162) ~[surefire-booter-3.2.5.jar:3.2.5]
	at org.apache.maven.surefire.booter.ForkedBooter.run(ForkedBooter.java:507) ~[surefire-booter-3.2.5.jar:3.2.5]
	at org.apache.maven.surefire.booter.ForkedBooter.main(ForkedBooter.java:495) ~[surefire-booter-3.2.5.jar:3.2.5]
Caused by: java.lang.IllegalStateException: Internal problem occurred, please report it. Mockito is unable to load the default implementation of class that is a part of Mockito distribution. Failed to load interface org.mockito.plugins.MockMaker
	at org.mockito.internal.configuration.plugins.DefaultMockitoPlugins.create(DefaultMockitoPlugins.java:105) ~[mockito-core-5.17.0.jar:na]
	at org.mockito.internal.configuration.plugins.DefaultMockitoPlugins.getDefaultPlugin(DefaultMockitoPlugins.java:79) ~[mockito-core-5.17.0.jar:na]
	at org.mockito.internal.configuration.plugins.PluginLoader.loadPlugin(PluginLoader.java:75) ~[mockito-core-5.17.0.jar:na]
	at org.mockito.internal.configuration.plugins.PluginLoader.loadPlugin(PluginLoader.java:49) ~[mockito-core-5.17.0.jar:na]
	at org.mockito.internal.configuration.plugins.PluginRegistry.<init>(PluginRegistry.java:29) ~[mockito-core-5.17.0.jar:na]
	at org.mockito.internal.configuration.plugins.Plugins.<clinit>(Plugins.java:26) ~[mockito-core-5.17.0.jar:na]
	at org.mockito.internal.MockitoCore.<clinit>(MockitoCore.java:71) ~[mockito-core-5.17.0.jar:na]
	at org.mockito.Mockito.<clinit>(Mockito.java:1777) ~[mockito-core-5.17.0.jar:na]
	at org.springframework.boot.test.mock.mockito.MockReset.get(MockReset.java:108) ~[spring-boot-test-3.5.7.jar:3.5.7]
	... 64 common frames omitted
Caused by: java.lang.reflect.InvocationTargetException: null
	at java.base/jdk.internal.reflect.DirectConstructorHandleAccessor.newInstance(DirectConstructorHandleAccessor.java:74) ~[na:na]
	at java.base/java.lang.reflect.Constructor.newInstanceWithCaller(Constructor.java:499) ~[na:na]
	at java.base/java.lang.reflect.Constructor.newInstance(Constructor.java:483) ~[na:na]
	at org.mockito.internal.configuration.plugins.DefaultMockitoPlugins.create(DefaultMockitoPlugins.java:103) ~[mockito-core-5.17.0.jar:na]
	... 72 common frames omitted
Caused by: org.mockito.exceptions.base.MockitoInitializationException: 
Could not initialize inline Byte Buddy mock maker.

It appears as if your JDK does not supply a working agent attachment mechanism.
Java               : 26
JVM vendor name    : Oracle Corporation
JVM vendor version : 26.0.1+8-34
JVM name           : OpenJDK 64-Bit Server VM
JVM version        : 26.0.1+8-34
JVM info           : mixed mode, sharing
OS name            : Mac OS X
OS version         : 26.3.1

	at org.mockito.internal.creation.bytebuddy.InlineDelegateByteBuddyMockMaker.<init>(InlineDelegateByteBuddyMockMaker.java:275) ~[mockito-core-5.17.0.jar:na]
	at org.mockito.internal.creation.bytebuddy.InlineByteBuddyMockMaker.<init>(InlineByteBuddyMockMaker.java:23) ~[mockito-core-5.17.0.jar:na]
	at java.base/jdk.internal.reflect.DirectConstructorHandleAccessor.newInstance(DirectConstructorHandleAccessor.java:62) ~[na:na]
	... 75 common frames omitted
Caused by: java.lang.IllegalStateException: Could not self-attach to current VM using external process - set a property net.bytebuddy.agent.attacher.dump to dump the process output to a file at the specified location
	at net.bytebuddy.agent.ByteBuddyAgent.installExternal(ByteBuddyAgent.java:672) ~[byte-buddy-agent-1.17.8.jar:na]
	at net.bytebuddy.agent.ByteBuddyAgent.install(ByteBuddyAgent.java:599) ~[byte-buddy-agent-1.17.8.jar:na]
	at net.bytebuddy.agent.ByteBuddyAgent.install(ByteBuddyAgent.java:579) ~[byte-buddy-agent-1.17.8.jar:na]
	at net.bytebuddy.agent.ByteBuddyAgent.install(ByteBuddyAgent.java:531) ~[byte-buddy-agent-1.17.8.jar:na]
	at net.bytebuddy.agent.ByteBuddyAgent.install(ByteBuddyAgent.java:508) ~[byte-buddy-agent-1.17.8.jar:na]
	at org.mockito.internal.PremainAttachAccess.getInstrumentation(PremainAttachAccess.java:80) ~[mockito-core-5.17.0.jar:na]
	at org.mockito.internal.creation.bytebuddy.InlineDelegateByteBuddyMockMaker.<clinit>(InlineDelegateByteBuddyMockMaker.java:138) ~[mockito-core-5.17.0.jar:na]
	... 77 common frames omitted

2026-08-06T15:41:29.775+08:00  WARN 50516 --- [spring-boot-starter-smart-mvc-example] [main] o.s.test.context.TestContextManager      : Caught exception while invoking 'afterTestMethod' callback on TestExecutionListener [org.springframework.boot.test.mock.mockito.ResetMocksTestExecutionListener] for test method [void ink.icoding.mvc.ExampleAuthenticationIntegrationTest.allowsAnonymousEndpointWithoutCreatingCurrentIdentity() throws java.lang.Exception] and test instance [ink.icoding.mvc.ExampleAuthenticationIntegrationTest@2047981]

java.lang.IllegalStateException: Could not initialize plugin: interface org.mockito.plugins.MockMaker (alternate: null)
	at org.mockito.internal.configuration.plugins.PluginLoader$1.invoke(PluginLoader.java:85) ~[mockito-core-5.17.0.jar:na]
	at jdk.proxy2/jdk.proxy2.$Proxy85.getHandler(Unknown Source) ~[na:na]
	at org.mockito.internal.util.MockUtil.getMockHandlerOrNull(MockUtil.java:158) ~[mockito-core-5.17.0.jar:na]
	at org.mockito.internal.util.MockUtil.isMock(MockUtil.java:147) ~[mockito-core-5.17.0.jar:na]
	at org.mockito.internal.util.DefaultMockingDetails.isMock(DefaultMockingDetails.java:32) ~[mockito-core-5.17.0.jar:na]
	at org.springframework.boot.test.mock.mockito.MockReset.get(MockReset.java:109) ~[spring-boot-test-3.5.7.jar:3.5.7]
	at org.springframework.boot.test.mock.mockito.ResetMocksTestExecutionListener.resetMocks(ResetMocksTestExecutionListener.java:89) ~[spring-boot-test-3.5.7.jar:3.5.7]
	at org.springframework.boot.test.mock.mockito.ResetMocksTestExecutionListener.resetMocks(ResetMocksTestExecutionListener.java:77) ~[spring-boot-test-3.5.7.jar:3.5.7]
	at org.springframework.boot.test.mock.mockito.ResetMocksTestExecutionListener.afterTestMethod(ResetMocksTestExecutionListener.java:71) ~[spring-boot-test-3.5.7.jar:3.5.7]
	at org.springframework.test.context.TestContextManager.afterTestMethod(TestContextManager.java:488) ~[spring-test-6.2.12.jar:6.2.12]
	at org.springframework.test.context.junit.jupiter.SpringExtension.afterEach(SpringExtension.java:274) ~[spring-test-6.2.12.jar:6.2.12]
	at org.junit.jupiter.engine.descriptor.TestMethodTestDescriptor.lambda$invokeAfterEachCallbacks$12(TestMethodTestDescriptor.java:259) ~[junit-jupiter-engine-5.12.2.jar:5.12.2]
	at org.junit.jupiter.engine.descriptor.TestMethodTestDescriptor.lambda$invokeAllAfterMethodsOrCallbacks$13(TestMethodTestDescriptor.java:275) ~[junit-jupiter-engine-5.12.2.jar:5.12.2]
	at org.junit.platform.engine.support.hierarchical.ThrowableCollector.execute(ThrowableCollector.java:73) ~[junit-platform-engine-1.12.2.jar:1.12.2]
	at org.junit.jupiter.engine.descriptor.TestMethodTestDescriptor.lambda$invokeAllAfterMethodsOrCallbacks$14(TestMethodTestDescriptor.java:275) ~[junit-jupiter-engine-5.12.2.jar:5.12.2]
	at org.junit.platform.commons.util.CollectionUtils.forEachInReverseOrder(CollectionUtils.java:239) ~[junit-platform-commons-1.12.2.jar:1.12.2]
	at org.junit.jupiter.engine.descriptor.TestMethodTestDescriptor.invokeAllAfterMethodsOrCallbacks(TestMethodTestDescriptor.java:274) ~[junit-jupiter-engine-5.12.2.jar:5.12.2]
	at org.junit.jupiter.engine.descriptor.TestMethodTestDescriptor.invokeAfterEachCallbacks(TestMethodTestDescriptor.java:258) ~[junit-jupiter-engine-5.12.2.jar:5.12.2]
	at org.junit.jupiter.engine.descriptor.TestMethodTestDescriptor.execute(TestMethodTestDescriptor.java:143) ~[junit-jupiter-engine-5.12.2.jar:5.12.2]
	at org.junit.jupiter.engine.descriptor.TestMethodTestDescriptor.execute(TestMethodTestDescriptor.java:69) ~[junit-jupiter-engine-5.12.2.jar:5.12.2]
	at org.junit.platform.engine.support.hierarchical.NodeTestTask.lambda$executeRecursively$6(NodeTestTask.java:156) ~[junit-platform-engine-1.12.2.jar:1.12.2]
	at org.junit.platform.engine.support.hierarchical.ThrowableCollector.execute(ThrowableCollector.java:73) ~[junit-platform-engine-1.12.2.jar:1.12.2]
	at org.junit.platform.engine.support.hierarchical.NodeTestTask.lambda$executeRecursively$8(NodeTestTask.java:146) ~[junit-platform-engine-1.12.2.jar:1.12.2]
	at org.junit.platform.engine.support.hierarchical.Node.around(Node.java:137) ~[junit-platform-engine-1.12.2.jar:1.12.2]
	at org.junit.platform.engine.support.hierarchical.NodeTestTask.lambda$executeRecursively$9(NodeTestTask.java:144) ~[junit-platform-engine-1.12.2.jar:1.12.2]
	at org.junit.platform.engine.support.hierarchical.ThrowableCollector.execute(ThrowableCollector.java:73) ~[junit-platform-engine-1.12.2.jar:1.12.2]
	at org.junit.platform.engine.support.hierarchical.NodeTestTask.executeRecursively(NodeTestTask.java:143) ~[junit-platform-engine-1.12.2.jar:1.12.2]
	at org.junit.platform.engine.support.hierarchical.NodeTestTask.execute(NodeTestTask.java:100) ~[junit-platform-engine-1.12.2.jar:1.12.2]
	at java.base/java.util.ArrayList.forEach(ArrayList.java:1612) ~[na:na]
	at org.junit.platform.engine.support.hierarchical.SameThreadHierarchicalTestExecutorService.invokeAll(SameThreadHierarchicalTestExecutorService.java:41) ~[junit-platform-engine-1.12.2.jar:1.12.2]
	at org.junit.platform.engine.support.hierarchical.NodeTestTask.lambda$executeRecursively$6(NodeTestTask.java:160) ~[junit-platform-engine-1.12.2.jar:1.12.2]
	at org.junit.platform.engine.support.hierarchical.ThrowableCollector.execute(ThrowableCollector.java:73) ~[junit-platform-engine-1.12.2.jar:1.12.2]
	at org.junit.platform.engine.support.hierarchical.NodeTestTask.lambda$executeRecursively$8(NodeTestTask.java:146) ~[junit-platform-engine-1.12.2.jar:1.12.2]
	at org.junit.platform.engine.support.hierarchical.Node.around(Node.java:137) ~[junit-platform-engine-1.12.2.jar:1.12.2]
	at org.junit.platform.engine.support.hierarchical.NodeTestTask.lambda$executeRecursively$9(NodeTestTask.java:144) ~[junit-platform-engine-1.12.2.jar:1.12.2]
	at org.junit.platform.engine.support.hierarchical.ThrowableCollector.execute(ThrowableCollector.java:73) ~[junit-platform-engine-1.12.2.jar:1.12.2]
	at org.junit.platform.engine.support.hierarchical.NodeTestTask.executeRecursively(NodeTestTask.java:143) ~[junit-platform-engine-1.12.2.jar:1.12.2]
	at org.junit.platform.engine.support.hierarchical.NodeTestTask.execute(NodeTestTask.java:100) ~[junit-platform-engine-1.12.2.jar:1.12.2]
	at java.base/java.util.ArrayList.forEach(ArrayList.java:1612) ~[na:na]
	at org.junit.platform.engine.support.hierarchical.SameThreadHierarchicalTestExecutorService.invokeAll(SameThreadHierarchicalTestExecutorService.java:41) ~[junit-platform-engine-1.12.2.jar:1.12.2]
	at org.junit.platform.engine.support.hierarchical.NodeTestTask.lambda$executeRecursively$6(NodeTestTask.java:160) ~[junit-platform-engine-1.12.2.jar:1.12.2]
	at org.junit.platform.engine.support.hierarchical.ThrowableCollector.execute(ThrowableCollector.java:73) ~[junit-platform-engine-1.12.2.jar:1.12.2]
	at org.junit.platform.engine.support.hierarchical.NodeTestTask.lambda$executeRecursively$8(NodeTestTask.java:146) ~[junit-platform-engine-1.12.2.jar:1.12.2]
	at org.junit.platform.engine.support.hierarchical.Node.around(Node.java:137) ~[junit-platform-engine-1.12.2.jar:1.12.2]
	at org.junit.platform.engine.support.hierarchical.NodeTestTask.lambda$executeRecursively$9(NodeTestTask.java:144) ~[junit-platform-engine-1.12.2.jar:1.12.2]
	at org.junit.platform.engine.support.hierarchical.ThrowableCollector.execute(ThrowableCollector.java:73) ~[junit-platform-engine-1.12.2.jar:1.12.2]
	at org.junit.platform.engine.support.hierarchical.NodeTestTask.executeRecursively(NodeTestTask.java:143) ~[junit-platform-engine-1.12.2.jar:1.12.2]
	at org.junit.platform.engine.support.hierarchical.NodeTestTask.execute(NodeTestTask.java:100) ~[junit-platform-engine-1.12.2.jar:1.12.2]
	at org.junit.platform.engine.support.hierarchical.SameThreadHierarchicalTestExecutorService.submit(SameThreadHierarchicalTestExecutorService.java:35) ~[junit-platform-engine-1.12.2.jar:1.12.2]
	at org.junit.platform.engine.support.hierarchical.HierarchicalTestExecutor.execute(HierarchicalTestExecutor.java:57) ~[junit-platform-engine-1.12.2.jar:1.12.2]
	at org.junit.platform.engine.support.hierarchical.HierarchicalTestEngine.execute(HierarchicalTestEngine.java:54) ~[junit-platform-engine-1.12.2.jar:1.12.2]
	at org.junit.platform.launcher.core.EngineExecutionOrchestrator.execute(EngineExecutionOrchestrator.java:201) ~[junit-platform-launcher-1.12.2.jar:1.12.2]
	at org.junit.platform.launcher.core.EngineExecutionOrchestrator.execute(EngineExecutionOrchestrator.java:170) ~[junit-platform-launcher-1.12.2.jar:1.12.2]
	at org.junit.platform.launcher.core.EngineExecutionOrchestrator.execute(EngineExecutionOrchestrator.java:94) ~[junit-platform-launcher-1.12.2.jar:1.12.2]
	at org.junit.platform.launcher.core.EngineExecutionOrchestrator.lambda$execute$0(EngineExecutionOrchestrator.java:59) ~[junit-platform-launcher-1.12.2.jar:1.12.2]
	at org.junit.platform.launcher.core.EngineExecutionOrchestrator.withInterceptedStreams(EngineExecutionOrchestrator.java:142) ~[junit-platform-launcher-1.12.2.jar:1.12.2]
	at org.junit.platform.launcher.core.EngineExecutionOrchestrator.execute(EngineExecutionOrchestrator.java:58) ~[junit-platform-launcher-1.12.2.jar:1.12.2]
	at org.junit.platform.launcher.core.DefaultLauncher.execute(DefaultLauncher.java:103) ~[junit-platform-launcher-1.12.2.jar:1.12.2]
	at org.junit.platform.launcher.core.DefaultLauncher.execute(DefaultLauncher.java:85) ~[junit-platform-launcher-1.12.2.jar:1.12.2]
	at org.junit.platform.launcher.core.DelegatingLauncher.execute(DelegatingLauncher.java:47) ~[junit-platform-launcher-1.12.2.jar:1.12.2]
	at org.junit.platform.launcher.core.InterceptingLauncher.lambda$execute$1(InterceptingLauncher.java:39) ~[junit-platform-launcher-1.12.2.jar:1.12.2]
	at org.junit.platform.launcher.core.ClasspathAlignmentCheckingLauncherInterceptor.intercept(ClasspathAlignmentCheckingLauncherInterceptor.java:25) ~[junit-platform-launcher-1.12.2.jar:1.12.2]
	at org.junit.platform.launcher.core.InterceptingLauncher.execute(InterceptingLauncher.java:38) ~[junit-platform-launcher-1.12.2.jar:1.12.2]
	at org.junit.platform.launcher.core.DelegatingLauncher.execute(DelegatingLauncher.java:47) ~[junit-platform-launcher-1.12.2.jar:1.12.2]
	at org.apache.maven.surefire.junitplatform.LazyLauncher.execute(LazyLauncher.java:56) ~[surefire-junit-platform-3.2.5.jar:3.2.5]
	at org.apache.maven.surefire.junitplatform.JUnitPlatformProvider.execute(JUnitPlatformProvider.java:184) ~[surefire-junit-platform-3.2.5.jar:3.2.5]
	at org.apache.maven.surefire.junitplatform.JUnitPlatformProvider.invokeAllTests(JUnitPlatformProvider.java:148) ~[surefire-junit-platform-3.2.5.jar:3.2.5]
	at org.apache.maven.surefire.junitplatform.JUnitPlatformProvider.invoke(JUnitPlatformProvider.java:122) ~[surefire-junit-platform-3.2.5.jar:3.2.5]
	at org.apache.maven.surefire.booter.ForkedBooter.runSuitesInProcess(ForkedBooter.java:385) ~[surefire-booter-3.2.5.jar:3.2.5]
	at org.apache.maven.surefire.booter.ForkedBooter.execute(ForkedBooter.java:162) ~[surefire-booter-3.2.5.jar:3.2.5]
	at org.apache.maven.surefire.booter.ForkedBooter.run(ForkedBooter.java:507) ~[surefire-booter-3.2.5.jar:3.2.5]
	at org.apache.maven.surefire.booter.ForkedBooter.main(ForkedBooter.java:495) ~[surefire-booter-3.2.5.jar:3.2.5]
Caused by: java.lang.IllegalStateException: Internal problem occurred, please report it. Mockito is unable to load the default implementation of class that is a part of Mockito distribution. Failed to load interface org.mockito.plugins.MockMaker
	at org.mockito.internal.configuration.plugins.DefaultMockitoPlugins.create(DefaultMockitoPlugins.java:105) ~[mockito-core-5.17.0.jar:na]
	at org.mockito.internal.configuration.plugins.DefaultMockitoPlugins.getDefaultPlugin(DefaultMockitoPlugins.java:79) ~[mockito-core-5.17.0.jar:na]
	at org.mockito.internal.configuration.plugins.PluginLoader.loadPlugin(PluginLoader.java:75) ~[mockito-core-5.17.0.jar:na]
	at org.mockito.internal.configuration.plugins.PluginLoader.loadPlugin(PluginLoader.java:49) ~[mockito-core-5.17.0.jar:na]
	at org.mockito.internal.configuration.plugins.PluginRegistry.<init>(PluginRegistry.java:29) ~[mockito-core-5.17.0.jar:na]
	at org.mockito.internal.configuration.plugins.Plugins.<clinit>(Plugins.java:26) ~[mockito-core-5.17.0.jar:na]
	at org.mockito.internal.MockitoCore.<clinit>(MockitoCore.java:71) ~[mockito-core-5.17.0.jar:na]
	at org.mockito.Mockito.<clinit>(Mockito.java:1777) ~[mockito-core-5.17.0.jar:na]
	at org.springframework.boot.test.mock.mockito.MockReset.get(MockReset.java:108) ~[spring-boot-test-3.5.7.jar:3.5.7]
	at org.springframework.boot.test.mock.mockito.ResetMocksTestExecutionListener.resetMocks(ResetMocksTestExecutionListener.java:89) ~[spring-boot-test-3.5.7.jar:3.5.7]
	at org.springframework.boot.test.mock.mockito.ResetMocksTestExecutionListener.resetMocks(ResetMocksTestExecutionListener.java:77) ~[spring-boot-test-3.5.7.jar:3.5.7]
	at org.springframework.boot.test.mock.mockito.ResetMocksTestExecutionListener.beforeTestMethod(ResetMocksTestExecutionListener.java:64) ~[spring-boot-test-3.5.7.jar:3.5.7]
	at org.springframework.test.context.TestContextManager.beforeTestMethod(TestContextManager.java:320) ~[spring-test-6.2.12.jar:6.2.12]
	at org.springframework.test.context.junit.jupiter.SpringExtension.beforeEach(SpringExtension.java:236) ~[spring-test-6.2.12.jar:6.2.12]
	at org.junit.jupiter.engine.descriptor.TestMethodTestDescriptor.lambda$invokeBeforeEachCallbacks$2(TestMethodTestDescriptor.java:165) ~[junit-jupiter-engine-5.12.2.jar:5.12.2]
	at org.junit.jupiter.engine.descriptor.TestMethodTestDescriptor.lambda$invokeBeforeMethodsOrCallbacksUntilExceptionOccurs$6(TestMethodTestDescriptor.java:201) ~[junit-jupiter-engine-5.12.2.jar:5.12.2]
	at org.junit.platform.engine.support.hierarchical.ThrowableCollector.execute(ThrowableCollector.java:73) ~[junit-platform-engine-1.12.2.jar:1.12.2]
	at org.junit.jupiter.engine.descriptor.TestMethodTestDescriptor.invokeBeforeMethodsOrCallbacksUntilExceptionOccurs(TestMethodTestDescriptor.java:201) ~[junit-jupiter-engine-5.12.2.jar:5.12.2]
	at org.junit.jupiter.engine.descriptor.TestMethodTestDescriptor.invokeBeforeEachCallbacks(TestMethodTestDescriptor.java:164) ~[junit-jupiter-engine-5.12.2.jar:5.12.2]
	at org.junit.jupiter.engine.descriptor.TestMethodTestDescriptor.execute(TestMethodTestDescriptor.java:131) ~[junit-jupiter-engine-5.12.2.jar:5.12.2]
	... 53 common frames omitted
Caused by: java.lang.reflect.InvocationTargetException: null
	at java.base/jdk.internal.reflect.DirectConstructorHandleAccessor.newInstance(DirectConstructorHandleAccessor.java:74) ~[na:na]
	at java.base/java.lang.reflect.Constructor.newInstanceWithCaller(Constructor.java:499) ~[na:na]
	at java.base/java.lang.reflect.Constructor.newInstance(Constructor.java:483) ~[na:na]
	at org.mockito.internal.configuration.plugins.DefaultMockitoPlugins.create(DefaultMockitoPlugins.java:103) ~[mockito-core-5.17.0.jar:na]
	... 72 common frames omitted
Caused by: org.mockito.exceptions.base.MockitoInitializationException: 
Could not initialize inline Byte Buddy mock maker.

It appears as if your JDK does not supply a working agent attachment mechanism.
Java               : 26
JVM vendor name    : Oracle Corporation
JVM vendor version : 26.0.1+8-34
JVM name           : OpenJDK 64-Bit Server VM
JVM version        : 26.0.1+8-34
JVM info           : mixed mode, sharing
OS name            : Mac OS X
OS version         : 26.3.1

	at org.mockito.internal.creation.bytebuddy.InlineDelegateByteBuddyMockMaker.<init>(InlineDelegateByteBuddyMockMaker.java:275) ~[mockito-core-5.17.0.jar:na]
	at org.mockito.internal.creation.bytebuddy.InlineByteBuddyMockMaker.<init>(InlineByteBuddyMockMaker.java:23) ~[mockito-core-5.17.0.jar:na]
	at java.base/jdk.internal.reflect.DirectConstructorHandleAccessor.newInstance(DirectConstructorHandleAccessor.java:62) ~[na:na]
	... 75 common frames omitted
Caused by: java.lang.IllegalStateException: Could not self-attach to current VM using external process - set a property net.bytebuddy.agent.attacher.dump to dump the process output to a file at the specified location
	at net.bytebuddy.agent.ByteBuddyAgent.installExternal(ByteBuddyAgent.java:672) ~[byte-buddy-agent-1.17.8.jar:na]
	at net.bytebuddy.agent.ByteBuddyAgent.install(ByteBuddyAgent.java:599) ~[byte-buddy-agent-1.17.8.jar:na]
	at net.bytebuddy.agent.ByteBuddyAgent.install(ByteBuddyAgent.java:579) ~[byte-buddy-agent-1.17.8.jar:na]
	at net.bytebuddy.agent.ByteBuddyAgent.install(ByteBuddyAgent.java:531) ~[byte-buddy-agent-1.17.8.jar:na]
	at net.bytebuddy.agent.ByteBuddyAgent.install(ByteBuddyAgent.java:508) ~[byte-buddy-agent-1.17.8.jar:na]
	at org.mockito.internal.PremainAttachAccess.getInstrumentation(PremainAttachAccess.java:80) ~[mockito-core-5.17.0.jar:na]
	at org.mockito.internal.creation.bytebuddy.InlineDelegateByteBuddyMockMaker.<clinit>(InlineDelegateByteBuddyMockMaker.java:138) ~[mockito-core-5.17.0.jar:na]
	... 77 common frames omitted

2026-08-06T15:41:29.781+08:00  WARN 50516 --- [spring-boot-starter-smart-mvc-example] [main] o.s.test.context.TestContextManager      : Caught exception while invoking 'beforeTestMethod' callback on TestExecutionListener [org.springframework.boot.test.mock.mockito.ResetMocksTestExecutionListener] for test method [void ink.icoding.mvc.ExampleAuthenticationIntegrationTest.authenticatesAdministratorAndExposesCurrentIdentity() throws java.lang.Exception] and test instance [ink.icoding.mvc.ExampleAuthenticationIntegrationTest@f5a7226]

java.lang.IllegalStateException: Could not initialize plugin: interface org.mockito.plugins.MockMaker (alternate: null)
	at org.mockito.internal.configuration.plugins.PluginLoader$1.invoke(PluginLoader.java:85) ~[mockito-core-5.17.0.jar:na]
	at jdk.proxy2/jdk.proxy2.$Proxy85.getHandler(Unknown Source) ~[na:na]
	at org.mockito.internal.util.MockUtil.getMockHandlerOrNull(MockUtil.java:158) ~[mockito-core-5.17.0.jar:na]
	at org.mockito.internal.util.MockUtil.isMock(MockUtil.java:147) ~[mockito-core-5.17.0.jar:na]
	at org.mockito.internal.util.DefaultMockingDetails.isMock(DefaultMockingDetails.java:32) ~[mockito-core-5.17.0.jar:na]
	at org.springframework.boot.test.mock.mockito.MockReset.get(MockReset.java:109) ~[spring-boot-test-3.5.7.jar:3.5.7]
	at org.springframework.boot.test.mock.mockito.ResetMocksTestExecutionListener.resetMocks(ResetMocksTestExecutionListener.java:89) ~[spring-boot-test-3.5.7.jar:3.5.7]
	at org.springframework.boot.test.mock.mockito.ResetMocksTestExecutionListener.resetMocks(ResetMocksTestExecutionListener.java:77) ~[spring-boot-test-3.5.7.jar:3.5.7]
	at org.springframework.boot.test.mock.mockito.ResetMocksTestExecutionListener.beforeTestMethod(ResetMocksTestExecutionListener.java:64) ~[spring-boot-test-3.5.7.jar:3.5.7]
	at org.springframework.test.context.TestContextManager.beforeTestMethod(TestContextManager.java:320) ~[spring-test-6.2.12.jar:6.2.12]
	at org.springframework.test.context.junit.jupiter.SpringExtension.beforeEach(SpringExtension.java:236) ~[spring-test-6.2.12.jar:6.2.12]
	at org.junit.jupiter.engine.descriptor.TestMethodTestDescriptor.lambda$invokeBeforeEachCallbacks$2(TestMethodTestDescriptor.java:165) ~[junit-jupiter-engine-5.12.2.jar:5.12.2]
	at org.junit.jupiter.engine.descriptor.TestMethodTestDescriptor.lambda$invokeBeforeMethodsOrCallbacksUntilExceptionOccurs$6(TestMethodTestDescriptor.java:201) ~[junit-jupiter-engine-5.12.2.jar:5.12.2]
	at org.junit.platform.engine.support.hierarchical.ThrowableCollector.execute(ThrowableCollector.java:73) ~[junit-platform-engine-1.12.2.jar:1.12.2]
	at org.junit.jupiter.engine.descriptor.TestMethodTestDescriptor.invokeBeforeMethodsOrCallbacksUntilExceptionOccurs(TestMethodTestDescriptor.java:201) ~[junit-jupiter-engine-5.12.2.jar:5.12.2]
	at org.junit.jupiter.engine.descriptor.TestMethodTestDescriptor.invokeBeforeEachCallbacks(TestMethodTestDescriptor.java:164) ~[junit-jupiter-engine-5.12.2.jar:5.12.2]
	at org.junit.jupiter.engine.descriptor.TestMethodTestDescriptor.execute(TestMethodTestDescriptor.java:131) ~[junit-jupiter-engine-5.12.2.jar:5.12.2]
	at org.junit.jupiter.engine.descriptor.TestMethodTestDescriptor.execute(TestMethodTestDescriptor.java:69) ~[junit-jupiter-engine-5.12.2.jar:5.12.2]
	at org.junit.platform.engine.support.hierarchical.NodeTestTask.lambda$executeRecursively$6(NodeTestTask.java:156) ~[junit-platform-engine-1.12.2.jar:1.12.2]
	at org.junit.platform.engine.support.hierarchical.ThrowableCollector.execute(ThrowableCollector.java:73) ~[junit-platform-engine-1.12.2.jar:1.12.2]
	at org.junit.platform.engine.support.hierarchical.NodeTestTask.lambda$executeRecursively$8(NodeTestTask.java:146) ~[junit-platform-engine-1.12.2.jar:1.12.2]
	at org.junit.platform.engine.support.hierarchical.Node.around(Node.java:137) ~[junit-platform-engine-1.12.2.jar:1.12.2]
	at org.junit.platform.engine.support.hierarchical.NodeTestTask.lambda$executeRecursively$9(NodeTestTask.java:144) ~[junit-platform-engine-1.12.2.jar:1.12.2]
	at org.junit.platform.engine.support.hierarchical.ThrowableCollector.execute(ThrowableCollector.java:73) ~[junit-platform-engine-1.12.2.jar:1.12.2]
	at org.junit.platform.engine.support.hierarchical.NodeTestTask.executeRecursively(NodeTestTask.java:143) ~[junit-platform-engine-1.12.2.jar:1.12.2]
	at org.junit.platform.engine.support.hierarchical.NodeTestTask.execute(NodeTestTask.java:100) ~[junit-platform-engine-1.12.2.jar:1.12.2]
	at java.base/java.util.ArrayList.forEach(ArrayList.java:1612) ~[na:na]
	at org.junit.platform.engine.support.hierarchical.SameThreadHierarchicalTestExecutorService.invokeAll(SameThreadHierarchicalTestExecutorService.java:41) ~[junit-platform-engine-1.12.2.jar:1.12.2]
	at org.junit.platform.engine.support.hierarchical.NodeTestTask.lambda$executeRecursively$6(NodeTestTask.java:160) ~[junit-platform-engine-1.12.2.jar:1.12.2]
	at org.junit.platform.engine.support.hierarchical.ThrowableCollector.execute(ThrowableCollector.java:73) ~[junit-platform-engine-1.12.2.jar:1.12.2]
	at org.junit.platform.engine.support.hierarchical.NodeTestTask.lambda$executeRecursively$8(NodeTestTask.java:146) ~[junit-platform-engine-1.12.2.jar:1.12.2]
	at org.junit.platform.engine.support.hierarchical.Node.around(Node.java:137) ~[junit-platform-engine-1.12.2.jar:1.12.2]
	at org.junit.platform.engine.support.hierarchical.NodeTestTask.lambda$executeRecursively$9(NodeTestTask.java:144) ~[junit-platform-engine-1.12.2.jar:1.12.2]
	at org.junit.platform.engine.support.hierarchical.ThrowableCollector.execute(ThrowableCollector.java:73) ~[junit-platform-engine-1.12.2.jar:1.12.2]
	at org.junit.platform.engine.support.hierarchical.NodeTestTask.executeRecursively(NodeTestTask.java:143) ~[junit-platform-engine-1.12.2.jar:1.12.2]
	at org.junit.platform.engine.support.hierarchical.NodeTestTask.execute(NodeTestTask.java:100) ~[junit-platform-engine-1.12.2.jar:1.12.2]
	at java.base/java.util.ArrayList.forEach(ArrayList.java:1612) ~[na:na]
	at org.junit.platform.engine.support.hierarchical.SameThreadHierarchicalTestExecutorService.invokeAll(SameThreadHierarchicalTestExecutorService.java:41) ~[junit-platform-engine-1.12.2.jar:1.12.2]
	at org.junit.platform.engine.support.hierarchical.NodeTestTask.lambda$executeRecursively$6(NodeTestTask.java:160) ~[junit-platform-engine-1.12.2.jar:1.12.2]
	at org.junit.platform.engine.support.hierarchical.ThrowableCollector.execute(ThrowableCollector.java:73) ~[junit-platform-engine-1.12.2.jar:1.12.2]
	at org.junit.platform.engine.support.hierarchical.NodeTestTask.lambda$executeRecursively$8(NodeTestTask.java:146) ~[junit-platform-engine-1.12.2.jar:1.12.2]
	at org.junit.platform.engine.support.hierarchical.Node.around(Node.java:137) ~[junit-platform-engine-1.12.2.jar:1.12.2]
	at org.junit.platform.engine.support.hierarchical.NodeTestTask.lambda$executeRecursively$9(NodeTestTask.java:144) ~[junit-platform-engine-1.12.2.jar:1.12.2]
	at org.junit.platform.engine.support.hierarchical.ThrowableCollector.execute(ThrowableCollector.java:73) ~[junit-platform-engine-1.12.2.jar:1.12.2]
	at org.junit.platform.engine.support.hierarchical.NodeTestTask.executeRecursively(NodeTestTask.java:143) ~[junit-platform-engine-1.12.2.jar:1.12.2]
	at org.junit.platform.engine.support.hierarchical.NodeTestTask.execute(NodeTestTask.java:100) ~[junit-platform-engine-1.12.2.jar:1.12.2]
	at org.junit.platform.engine.support.hierarchical.SameThreadHierarchicalTestExecutorService.submit(SameThreadHierarchicalTestExecutorService.java:35) ~[junit-platform-engine-1.12.2.jar:1.12.2]
	at org.junit.platform.engine.support.hierarchical.HierarchicalTestExecutor.execute(HierarchicalTestExecutor.java:57) ~[junit-platform-engine-1.12.2.jar:1.12.2]
	at org.junit.platform.engine.support.hierarchical.HierarchicalTestEngine.execute(HierarchicalTestEngine.java:54) ~[junit-platform-engine-1.12.2.jar:1.12.2]
	at org.junit.platform.launcher.core.EngineExecutionOrchestrator.execute(EngineExecutionOrchestrator.java:201) ~[junit-platform-launcher-1.12.2.jar:1.12.2]
	at org.junit.platform.launcher.core.EngineExecutionOrchestrator.execute(EngineExecutionOrchestrator.java:170) ~[junit-platform-launcher-1.12.2.jar:1.12.2]
	at org.junit.platform.launcher.core.EngineExecutionOrchestrator.execute(EngineExecutionOrchestrator.java:94) ~[junit-platform-launcher-1.12.2.jar:1.12.2]
	at org.junit.platform.launcher.core.EngineExecutionOrchestrator.lambda$execute$0(EngineExecutionOrchestrator.java:59) ~[junit-platform-launcher-1.12.2.jar:1.12.2]
	at org.junit.platform.launcher.core.EngineExecutionOrchestrator.withInterceptedStreams(EngineExecutionOrchestrator.java:142) ~[junit-platform-launcher-1.12.2.jar:1.12.2]
	at org.junit.platform.launcher.core.EngineExecutionOrchestrator.execute(EngineExecutionOrchestrator.java:58) ~[junit-platform-launcher-1.12.2.jar:1.12.2]
	at org.junit.platform.launcher.core.DefaultLauncher.execute(DefaultLauncher.java:103) ~[junit-platform-launcher-1.12.2.jar:1.12.2]
	at org.junit.platform.launcher.core.DefaultLauncher.execute(DefaultLauncher.java:85) ~[junit-platform-launcher-1.12.2.jar:1.12.2]
	at org.junit.platform.launcher.core.DelegatingLauncher.execute(DelegatingLauncher.java:47) ~[junit-platform-launcher-1.12.2.jar:1.12.2]
	at org.junit.platform.launcher.core.InterceptingLauncher.lambda$execute$1(InterceptingLauncher.java:39) ~[junit-platform-launcher-1.12.2.jar:1.12.2]
	at org.junit.platform.launcher.core.ClasspathAlignmentCheckingLauncherInterceptor.intercept(ClasspathAlignmentCheckingLauncherInterceptor.java:25) ~[junit-platform-launcher-1.12.2.jar:1.12.2]
	at org.junit.platform.launcher.core.InterceptingLauncher.execute(InterceptingLauncher.java:38) ~[junit-platform-launcher-1.12.2.jar:1.12.2]
	at org.junit.platform.launcher.core.DelegatingLauncher.execute(DelegatingLauncher.java:47) ~[junit-platform-launcher-1.12.2.jar:1.12.2]
	at org.apache.maven.surefire.junitplatform.LazyLauncher.execute(LazyLauncher.java:56) ~[surefire-junit-platform-3.2.5.jar:3.2.5]
	at org.apache.maven.surefire.junitplatform.JUnitPlatformProvider.execute(JUnitPlatformProvider.java:184) ~[surefire-junit-platform-3.2.5.jar:3.2.5]
	at org.apache.maven.surefire.junitplatform.JUnitPlatformProvider.invokeAllTests(JUnitPlatformProvider.java:148) ~[surefire-junit-platform-3.2.5.jar:3.2.5]
	at org.apache.maven.surefire.junitplatform.JUnitPlatformProvider.invoke(JUnitPlatformProvider.java:122) ~[surefire-junit-platform-3.2.5.jar:3.2.5]
	at org.apache.maven.surefire.booter.ForkedBooter.runSuitesInProcess(ForkedBooter.java:385) ~[surefire-booter-3.2.5.jar:3.2.5]
	at org.apache.maven.surefire.booter.ForkedBooter.execute(ForkedBooter.java:162) ~[surefire-booter-3.2.5.jar:3.2.5]
	at org.apache.maven.surefire.booter.ForkedBooter.run(ForkedBooter.java:507) ~[surefire-booter-3.2.5.jar:3.2.5]
	at org.apache.maven.surefire.booter.ForkedBooter.main(ForkedBooter.java:495) ~[surefire-booter-3.2.5.jar:3.2.5]
Caused by: java.lang.IllegalStateException: Internal problem occurred, please report it. Mockito is unable to load the default implementation of class that is a part of Mockito distribution. Failed to load interface org.mockito.plugins.MockMaker
	at org.mockito.internal.configuration.plugins.DefaultMockitoPlugins.create(DefaultMockitoPlugins.java:105) ~[mockito-core-5.17.0.jar:na]
	at org.mockito.internal.configuration.plugins.DefaultMockitoPlugins.getDefaultPlugin(DefaultMockitoPlugins.java:79) ~[mockito-core-5.17.0.jar:na]
	at org.mockito.internal.configuration.plugins.PluginLoader.loadPlugin(PluginLoader.java:75) ~[mockito-core-5.17.0.jar:na]
	at org.mockito.internal.configuration.plugins.PluginLoader.loadPlugin(PluginLoader.java:49) ~[mockito-core-5.17.0.jar:na]
	at org.mockito.internal.configuration.plugins.PluginRegistry.<init>(PluginRegistry.java:29) ~[mockito-core-5.17.0.jar:na]
	at org.mockito.internal.configuration.plugins.Plugins.<clinit>(Plugins.java:26) ~[mockito-core-5.17.0.jar:na]
	at org.mockito.internal.MockitoCore.<clinit>(MockitoCore.java:71) ~[mockito-core-5.17.0.jar:na]
	at org.mockito.Mockito.<clinit>(Mockito.java:1777) ~[mockito-core-5.17.0.jar:na]
	at org.springframework.boot.test.mock.mockito.MockReset.get(MockReset.java:108) ~[spring-boot-test-3.5.7.jar:3.5.7]
	at org.springframework.boot.test.mock.mockito.ResetMocksTestExecutionListener.resetMocks(ResetMocksTestExecutionListener.java:89) ~[spring-boot-test-3.5.7.jar:3.5.7]
	at org.springframework.boot.test.mock.mockito.ResetMocksTestExecutionListener.resetMocks(ResetMocksTestExecutionListener.java:77) ~[spring-boot-test-3.5.7.jar:3.5.7]
	at org.springframework.boot.test.mock.mockito.ResetMocksTestExecutionListener.beforeTestMethod(ResetMocksTestExecutionListener.java:64) ~[spring-boot-test-3.5.7.jar:3.5.7]
	at org.springframework.test.context.TestContextManager.beforeTestMethod(TestContextManager.java:320) ~[spring-test-6.2.12.jar:6.2.12]
	at org.springframework.test.context.junit.jupiter.SpringExtension.beforeEach(SpringExtension.java:236) ~[spring-test-6.2.12.jar:6.2.12]
	at java.base/java.util.ArrayList.forEach(ArrayList.java:1612) ~[na:na]
	at java.base/java.util.ArrayList.forEach(ArrayList.java:1612) ~[na:na]
Caused by: java.lang.reflect.InvocationTargetException: null
	at java.base/java.lang.reflect.Constructor.newInstanceWithCaller(Constructor.java:499) ~[na:na]
	at java.base/java.lang.reflect.Constructor.newInstance(Constructor.java:483) ~[na:na]
	at org.mockito.internal.configuration.plugins.DefaultMockitoPlugins.create(DefaultMockitoPlugins.java:103) ~[mockito-core-5.17.0.jar:na]
	... 15 common frames omitted
Caused by: org.mockito.exceptions.base.MockitoInitializationException: 
Could not initialize inline Byte Buddy mock maker.

It appears as if your JDK does not supply a working agent attachment mechanism.
Java               : 26
JVM vendor name    : Oracle Corporation
JVM vendor version : 26.0.1+8-34
JVM name           : OpenJDK 64-Bit Server VM
JVM version        : 26.0.1+8-34
JVM info           : mixed mode, sharing
OS name            : Mac OS X
OS version         : 26.3.1

	at org.mockito.internal.creation.bytebuddy.InlineDelegateByteBuddyMockMaker.<init>(InlineDelegateByteBuddyMockMaker.java:275) ~[mockito-core-5.17.0.jar:na]
	at org.mockito.internal.creation.bytebuddy.InlineByteBuddyMockMaker.<init>(InlineByteBuddyMockMaker.java:23) ~[mockito-core-5.17.0.jar:na]
	... 18 common frames omitted
Caused by: java.lang.IllegalStateException: Could not self-attach to current VM using external process - set a property net.bytebuddy.agent.attacher.dump to dump the process output to a file at the specified location
	at net.bytebuddy.agent.ByteBuddyAgent.installExternal(ByteBuddyAgent.java:672) ~[byte-buddy-agent-1.17.8.jar:na]
	at net.bytebuddy.agent.ByteBuddyAgent.install(ByteBuddyAgent.java:599) ~[byte-buddy-agent-1.17.8.jar:na]
	at net.bytebuddy.agent.ByteBuddyAgent.install(ByteBuddyAgent.java:579) ~[byte-buddy-agent-1.17.8.jar:na]
	at net.bytebuddy.agent.ByteBuddyAgent.install(ByteBuddyAgent.java:531) ~[byte-buddy-agent-1.17.8.jar:na]
	at net.bytebuddy.agent.ByteBuddyAgent.install(ByteBuddyAgent.java:508) ~[byte-buddy-agent-1.17.8.jar:na]
	at org.mockito.internal.PremainAttachAccess.getInstrumentation(PremainAttachAccess.java:80) ~[mockito-core-5.17.0.jar:na]
	at org.mockito.internal.creation.bytebuddy.InlineDelegateByteBuddyMockMaker.<clinit>(InlineDelegateByteBuddyMockMaker.java:138) ~[mockito-core-5.17.0.jar:na]
	... 19 common frames omitted

2026-08-06T15:41:29.783+08:00  WARN 50516 --- [spring-boot-starter-smart-mvc-example] [main] o.s.test.context.TestContextManager      : Caught exception while invoking 'afterTestMethod' callback on TestExecutionListener [org.springframework.boot.test.mock.mockito.ResetMocksTestExecutionListener] for test method [void ink.icoding.mvc.ExampleAuthenticationIntegrationTest.authenticatesAdministratorAndExposesCurrentIdentity() throws java.lang.Exception] and test instance [ink.icoding.mvc.ExampleAuthenticationIntegrationTest@f5a7226]

java.lang.IllegalStateException: Could not initialize plugin: interface org.mockito.plugins.MockMaker (alternate: null)
	at org.mockito.internal.configuration.plugins.PluginLoader$1.invoke(PluginLoader.java:85) ~[mockito-core-5.17.0.jar:na]
	at jdk.proxy2/jdk.proxy2.$Proxy85.getHandler(Unknown Source) ~[na:na]
	at org.mockito.internal.util.MockUtil.getMockHandlerOrNull(MockUtil.java:158) ~[mockito-core-5.17.0.jar:na]
	at org.mockito.internal.util.MockUtil.isMock(MockUtil.java:147) ~[mockito-core-5.17.0.jar:na]
	at org.mockito.internal.util.DefaultMockingDetails.isMock(DefaultMockingDetails.java:32) ~[mockito-core-5.17.0.jar:na]
	at org.springframework.boot.test.mock.mockito.MockReset.get(MockReset.java:109) ~[spring-boot-test-3.5.7.jar:3.5.7]
	at org.springframework.boot.test.mock.mockito.ResetMocksTestExecutionListener.resetMocks(ResetMocksTestExecutionListener.java:89) ~[spring-boot-test-3.5.7.jar:3.5.7]
	at org.springframework.boot.test.mock.mockito.ResetMocksTestExecutionListener.resetMocks(ResetMocksTestExecutionListener.java:77) ~[spring-boot-test-3.5.7.jar:3.5.7]
	at org.springframework.boot.test.mock.mockito.ResetMocksTestExecutionListener.afterTestMethod(ResetMocksTestExecutionListener.java:71) ~[spring-boot-test-3.5.7.jar:3.5.7]
	at org.springframework.test.context.TestContextManager.afterTestMethod(TestContextManager.java:488) ~[spring-test-6.2.12.jar:6.2.12]
	at org.springframework.test.context.junit.jupiter.SpringExtension.afterEach(SpringExtension.java:274) ~[spring-test-6.2.12.jar:6.2.12]
	at org.junit.jupiter.engine.descriptor.TestMethodTestDescriptor.lambda$invokeAfterEachCallbacks$12(TestMethodTestDescriptor.java:259) ~[junit-jupiter-engine-5.12.2.jar:5.12.2]
	at org.junit.jupiter.engine.descriptor.TestMethodTestDescriptor.lambda$invokeAllAfterMethodsOrCallbacks$13(TestMethodTestDescriptor.java:275) ~[junit-jupiter-engine-5.12.2.jar:5.12.2]
	at org.junit.platform.engine.support.hierarchical.ThrowableCollector.execute(ThrowableCollector.java:73) ~[junit-platform-engine-1.12.2.jar:1.12.2]
	at org.junit.jupiter.engine.descriptor.TestMethodTestDescriptor.lambda$invokeAllAfterMethodsOrCallbacks$14(TestMethodTestDescriptor.java:275) ~[junit-jupiter-engine-5.12.2.jar:5.12.2]
	at org.junit.platform.commons.util.CollectionUtils.forEachInReverseOrder(CollectionUtils.java:239) ~[junit-platform-commons-1.12.2.jar:1.12.2]
	at org.junit.jupiter.engine.descriptor.TestMethodTestDescriptor.invokeAllAfterMethodsOrCallbacks(TestMethodTestDescriptor.java:274) ~[junit-jupiter-engine-5.12.2.jar:5.12.2]
	at org.junit.jupiter.engine.descriptor.TestMethodTestDescriptor.invokeAfterEachCallbacks(TestMethodTestDescriptor.java:258) ~[junit-jupiter-engine-5.12.2.jar:5.12.2]
	at org.junit.jupiter.engine.descriptor.TestMethodTestDescriptor.execute(TestMethodTestDescriptor.java:143) ~[junit-jupiter-engine-5.12.2.jar:5.12.2]
	at org.junit.jupiter.engine.descriptor.TestMethodTestDescriptor.execute(TestMethodTestDescriptor.java:69) ~[junit-jupiter-engine-5.12.2.jar:5.12.2]
	at org.junit.platform.engine.support.hierarchical.NodeTestTask.lambda$executeRecursively$6(NodeTestTask.java:156) ~[junit-platform-engine-1.12.2.jar:1.12.2]
	at org.junit.platform.engine.support.hierarchical.ThrowableCollector.execute(ThrowableCollector.java:73) ~[junit-platform-engine-1.12.2.jar:1.12.2]
	at org.junit.platform.engine.support.hierarchical.NodeTestTask.lambda$executeRecursively$8(NodeTestTask.java:146) ~[junit-platform-engine-1.12.2.jar:1.12.2]
	at org.junit.platform.engine.support.hierarchical.Node.around(Node.java:137) ~[junit-platform-engine-1.12.2.jar:1.12.2]
	at org.junit.platform.engine.support.hierarchical.NodeTestTask.lambda$executeRecursively$9(NodeTestTask.java:144) ~[junit-platform-engine-1.12.2.jar:1.12.2]
	at org.junit.platform.engine.support.hierarchical.ThrowableCollector.execute(ThrowableCollector.java:73) ~[junit-platform-engine-1.12.2.jar:1.12.2]
	at org.junit.platform.engine.support.hierarchical.NodeTestTask.executeRecursively(NodeTestTask.java:143) ~[junit-platform-engine-1.12.2.jar:1.12.2]
	at org.junit.platform.engine.support.hierarchical.NodeTestTask.execute(NodeTestTask.java:100) ~[junit-platform-engine-1.12.2.jar:1.12.2]
	at java.base/java.util.ArrayList.forEach(ArrayList.java:1612) ~[na:na]
	at org.junit.platform.engine.support.hierarchical.SameThreadHierarchicalTestExecutorService.invokeAll(SameThreadHierarchicalTestExecutorService.java:41) ~[junit-platform-engine-1.12.2.jar:1.12.2]
	at org.junit.platform.engine.support.hierarchical.NodeTestTask.lambda$executeRecursively$6(NodeTestTask.java:160) ~[junit-platform-engine-1.12.2.jar:1.12.2]
	at org.junit.platform.engine.support.hierarchical.ThrowableCollector.execute(ThrowableCollector.java:73) ~[junit-platform-engine-1.12.2.jar:1.12.2]
	at org.junit.platform.engine.support.hierarchical.NodeTestTask.lambda$executeRecursively$8(NodeTestTask.java:146) ~[junit-platform-engine-1.12.2.jar:1.12.2]
	at org.junit.platform.engine.support.hierarchical.Node.around(Node.java:137) ~[junit-platform-engine-1.12.2.jar:1.12.2]
	at org.junit.platform.engine.support.hierarchical.NodeTestTask.lambda$executeRecursively$9(NodeTestTask.java:144) ~[junit-platform-engine-1.12.2.jar:1.12.2]
	at org.junit.platform.engine.support.hierarchical.ThrowableCollector.execute(ThrowableCollector.java:73) ~[junit-platform-engine-1.12.2.jar:1.12.2]
	at org.junit.platform.engine.support.hierarchical.NodeTestTask.executeRecursively(NodeTestTask.java:143) ~[junit-platform-engine-1.12.2.jar:1.12.2]
	at org.junit.platform.engine.support.hierarchical.NodeTestTask.execute(NodeTestTask.java:100) ~[junit-platform-engine-1.12.2.jar:1.12.2]
	at java.base/java.util.ArrayList.forEach(ArrayList.java:1612) ~[na:na]
	at org.junit.platform.engine.support.hierarchical.SameThreadHierarchicalTestExecutorService.invokeAll(SameThreadHierarchicalTestExecutorService.java:41) ~[junit-platform-engine-1.12.2.jar:1.12.2]
	at org.junit.platform.engine.support.hierarchical.NodeTestTask.lambda$executeRecursively$6(NodeTestTask.java:160) ~[junit-platform-engine-1.12.2.jar:1.12.2]
	at org.junit.platform.engine.support.hierarchical.ThrowableCollector.execute(ThrowableCollector.java:73) ~[junit-platform-engine-1.12.2.jar:1.12.2]
	at org.junit.platform.engine.support.hierarchical.NodeTestTask.lambda$executeRecursively$8(NodeTestTask.java:146) ~[junit-platform-engine-1.12.2.jar:1.12.2]
	at org.junit.platform.engine.support.hierarchical.Node.around(Node.java:137) ~[junit-platform-engine-1.12.2.jar:1.12.2]
	at org.junit.platform.engine.support.hierarchical.NodeTestTask.lambda$executeRecursively$9(NodeTestTask.java:144) ~[junit-platform-engine-1.12.2.jar:1.12.2]
	at org.junit.platform.engine.support.hierarchical.ThrowableCollector.execute(ThrowableCollector.java:73) ~[junit-platform-engine-1.12.2.jar:1.12.2]
	at org.junit.platform.engine.support.hierarchical.NodeTestTask.executeRecursively(NodeTestTask.java:143) ~[junit-platform-engine-1.12.2.jar:1.12.2]
	at org.junit.platform.engine.support.hierarchical.NodeTestTask.execute(NodeTestTask.java:100) ~[junit-platform-engine-1.12.2.jar:1.12.2]
	at org.junit.platform.engine.support.hierarchical.SameThreadHierarchicalTestExecutorService.submit(SameThreadHierarchicalTestExecutorService.java:35) ~[junit-platform-engine-1.12.2.jar:1.12.2]
	at org.junit.platform.engine.support.hierarchical.HierarchicalTestExecutor.execute(HierarchicalTestExecutor.java:57) ~[junit-platform-engine-1.12.2.jar:1.12.2]
	at org.junit.platform.engine.support.hierarchical.HierarchicalTestEngine.execute(HierarchicalTestEngine.java:54) ~[junit-platform-engine-1.12.2.jar:1.12.2]
	at org.junit.platform.launcher.core.EngineExecutionOrchestrator.execute(EngineExecutionOrchestrator.java:201) ~[junit-platform-launcher-1.12.2.jar:1.12.2]
	at org.junit.platform.launcher.core.EngineExecutionOrchestrator.execute(EngineExecutionOrchestrator.java:170) ~[junit-platform-launcher-1.12.2.jar:1.12.2]
	at org.junit.platform.launcher.core.EngineExecutionOrchestrator.execute(EngineExecutionOrchestrator.java:94) ~[junit-platform-launcher-1.12.2.jar:1.12.2]
	at org.junit.platform.launcher.core.EngineExecutionOrchestrator.lambda$execute$0(EngineExecutionOrchestrator.java:59) ~[junit-platform-launcher-1.12.2.jar:1.12.2]
	at org.junit.platform.launcher.core.EngineExecutionOrchestrator.withInterceptedStreams(EngineExecutionOrchestrator.java:142) ~[junit-platform-launcher-1.12.2.jar:1.12.2]
	at org.junit.platform.launcher.core.EngineExecutionOrchestrator.execute(EngineExecutionOrchestrator.java:58) ~[junit-platform-launcher-1.12.2.jar:1.12.2]
	at org.junit.platform.launcher.core.DefaultLauncher.execute(DefaultLauncher.java:103) ~[junit-platform-launcher-1.12.2.jar:1.12.2]
	at org.junit.platform.launcher.core.DefaultLauncher.execute(DefaultLauncher.java:85) ~[junit-platform-launcher-1.12.2.jar:1.12.2]
	at org.junit.platform.launcher.core.DelegatingLauncher.execute(DelegatingLauncher.java:47) ~[junit-platform-launcher-1.12.2.jar:1.12.2]
	at org.junit.platform.launcher.core.InterceptingLauncher.lambda$execute$1(InterceptingLauncher.java:39) ~[junit-platform-launcher-1.12.2.jar:1.12.2]
	at org.junit.platform.launcher.core.ClasspathAlignmentCheckingLauncherInterceptor.intercept(ClasspathAlignmentCheckingLauncherInterceptor.java:25) ~[junit-platform-launcher-1.12.2.jar:1.12.2]
	at org.junit.platform.launcher.core.InterceptingLauncher.execute(InterceptingLauncher.java:38) ~[junit-platform-launcher-1.12.2.jar:1.12.2]
	at org.junit.platform.launcher.core.DelegatingLauncher.execute(DelegatingLauncher.java:47) ~[junit-platform-launcher-1.12.2.jar:1.12.2]
	at org.apache.maven.surefire.junitplatform.LazyLauncher.execute(LazyLauncher.java:56) ~[surefire-junit-platform-3.2.5.jar:3.2.5]
	at org.apache.maven.surefire.junitplatform.JUnitPlatformProvider.execute(JUnitPlatformProvider.java:184) ~[surefire-junit-platform-3.2.5.jar:3.2.5]
	at org.apache.maven.surefire.junitplatform.JUnitPlatformProvider.invokeAllTests(JUnitPlatformProvider.java:148) ~[surefire-junit-platform-3.2.5.jar:3.2.5]
	at org.apache.maven.surefire.junitplatform.JUnitPlatformProvider.invoke(JUnitPlatformProvider.java:122) ~[surefire-junit-platform-3.2.5.jar:3.2.5]
	at org.apache.maven.surefire.booter.ForkedBooter.runSuitesInProcess(ForkedBooter.java:385) ~[surefire-booter-3.2.5.jar:3.2.5]
	at org.apache.maven.surefire.booter.ForkedBooter.execute(ForkedBooter.java:162) ~[surefire-booter-3.2.5.jar:3.2.5]
	at org.apache.maven.surefire.booter.ForkedBooter.run(ForkedBooter.java:507) ~[surefire-booter-3.2.5.jar:3.2.5]
	at org.apache.maven.surefire.booter.ForkedBooter.main(ForkedBooter.java:495) ~[surefire-booter-3.2.5.jar:3.2.5]
Caused by: java.lang.IllegalStateException: Internal problem occurred, please report it. Mockito is unable to load the default implementation of class that is a part of Mockito distribution. Failed to load interface org.mockito.plugins.MockMaker
	at org.mockito.internal.configuration.plugins.DefaultMockitoPlugins.create(DefaultMockitoPlugins.java:105) ~[mockito-core-5.17.0.jar:na]
	at org.mockito.internal.configuration.plugins.DefaultMockitoPlugins.getDefaultPlugin(DefaultMockitoPlugins.java:79) ~[mockito-core-5.17.0.jar:na]
	at org.mockito.internal.configuration.plugins.PluginLoader.loadPlugin(PluginLoader.java:75) ~[mockito-core-5.17.0.jar:na]
	at org.mockito.internal.configuration.plugins.PluginLoader.loadPlugin(PluginLoader.java:49) ~[mockito-core-5.17.0.jar:na]
	at org.mockito.internal.configuration.plugins.PluginRegistry.<init>(PluginRegistry.java:29) ~[mockito-core-5.17.0.jar:na]
	at org.mockito.internal.configuration.plugins.Plugins.<clinit>(Plugins.java:26) ~[mockito-core-5.17.0.jar:na]
	at org.mockito.internal.MockitoCore.<clinit>(MockitoCore.java:71) ~[mockito-core-5.17.0.jar:na]
	at org.mockito.Mockito.<clinit>(Mockito.java:1777) ~[mockito-core-5.17.0.jar:na]
	at org.springframework.boot.test.mock.mockito.MockReset.get(MockReset.java:108) ~[spring-boot-test-3.5.7.jar:3.5.7]
	at org.springframework.boot.test.mock.mockito.ResetMocksTestExecutionListener.resetMocks(ResetMocksTestExecutionListener.java:89) ~[spring-boot-test-3.5.7.jar:3.5.7]
	at org.springframework.boot.test.mock.mockito.ResetMocksTestExecutionListener.resetMocks(ResetMocksTestExecutionListener.java:77) ~[spring-boot-test-3.5.7.jar:3.5.7]
	at org.springframework.boot.test.mock.mockito.ResetMocksTestExecutionListener.beforeTestMethod(ResetMocksTestExecutionListener.java:64) ~[spring-boot-test-3.5.7.jar:3.5.7]
	at org.springframework.test.context.TestContextManager.beforeTestMethod(TestContextManager.java:320) ~[spring-test-6.2.12.jar:6.2.12]
	at org.springframework.test.context.junit.jupiter.SpringExtension.beforeEach(SpringExtension.java:236) ~[spring-test-6.2.12.jar:6.2.12]
	at java.base/java.util.ArrayList.forEach(ArrayList.java:1612) ~[na:na]
	at java.base/java.util.ArrayList.forEach(ArrayList.java:1612) ~[na:na]
Caused by: java.lang.reflect.InvocationTargetException: null
	at java.base/java.lang.reflect.Constructor.newInstanceWithCaller(Constructor.java:499) ~[na:na]
	at java.base/java.lang.reflect.Constructor.newInstance(Constructor.java:483) ~[na:na]
	at org.mockito.internal.configuration.plugins.DefaultMockitoPlugins.create(DefaultMockitoPlugins.java:103) ~[mockito-core-5.17.0.jar:na]
	... 15 common frames omitted
Caused by: org.mockito.exceptions.base.MockitoInitializationException: 
Could not initialize inline Byte Buddy mock maker.

It appears as if your JDK does not supply a working agent attachment mechanism.
Java               : 26
JVM vendor name    : Oracle Corporation
JVM vendor version : 26.0.1+8-34
JVM name           : OpenJDK 64-Bit Server VM
JVM version        : 26.0.1+8-34
JVM info           : mixed mode, sharing
OS name            : Mac OS X
OS version         : 26.3.1

	at org.mockito.internal.creation.bytebuddy.InlineDelegateByteBuddyMockMaker.<init>(InlineDelegateByteBuddyMockMaker.java:275) ~[mockito-core-5.17.0.jar:na]
	at org.mockito.internal.creation.bytebuddy.InlineByteBuddyMockMaker.<init>(InlineByteBuddyMockMaker.java:23) ~[mockito-core-5.17.0.jar:na]
	... 18 common frames omitted
Caused by: java.lang.IllegalStateException: Could not self-attach to current VM using external process - set a property net.bytebuddy.agent.attacher.dump to dump the process output to a file at the specified location
	at net.bytebuddy.agent.ByteBuddyAgent.installExternal(ByteBuddyAgent.java:672) ~[byte-buddy-agent-1.17.8.jar:na]
	at net.bytebuddy.agent.ByteBuddyAgent.install(ByteBuddyAgent.java:599) ~[byte-buddy-agent-1.17.8.jar:na]
	at net.bytebuddy.agent.ByteBuddyAgent.install(ByteBuddyAgent.java:579) ~[byte-buddy-agent-1.17.8.jar:na]
	at net.bytebuddy.agent.ByteBuddyAgent.install(ByteBuddyAgent.java:531) ~[byte-buddy-agent-1.17.8.jar:na]
	at net.bytebuddy.agent.ByteBuddyAgent.install(ByteBuddyAgent.java:508) ~[byte-buddy-agent-1.17.8.jar:na]
	at org.mockito.internal.PremainAttachAccess.getInstrumentation(PremainAttachAccess.java:80) ~[mockito-core-5.17.0.jar:na]
	at org.mockito.internal.creation.bytebuddy.InlineDelegateByteBuddyMockMaker.<clinit>(InlineDelegateByteBuddyMockMaker.java:138) ~[mockito-core-5.17.0.jar:na]
	... 19 common frames omitted

2026-08-06T15:41:29.785+08:00  WARN 50516 --- [spring-boot-starter-smart-mvc-example] [main] o.s.test.context.TestContextManager      : Caught exception while invoking 'beforeTestMethod' callback on TestExecutionListener [org.springframework.boot.test.mock.mockito.ResetMocksTestExecutionListener] for test method [void ink.icoding.mvc.ExampleAuthenticationIntegrationTest.rejectsMissingInvalidAndInsufficientCredentials() throws java.lang.Exception] and test instance [ink.icoding.mvc.ExampleAuthenticationIntegrationTest@7ecda95b]

java.lang.IllegalStateException: Could not initialize plugin: interface org.mockito.plugins.MockMaker (alternate: null)
	at org.mockito.internal.configuration.plugins.PluginLoader$1.invoke(PluginLoader.java:85) ~[mockito-core-5.17.0.jar:na]
	at jdk.proxy2/jdk.proxy2.$Proxy85.getHandler(Unknown Source) ~[na:na]
	at org.mockito.internal.util.MockUtil.getMockHandlerOrNull(MockUtil.java:158) ~[mockito-core-5.17.0.jar:na]
	at org.mockito.internal.util.MockUtil.isMock(MockUtil.java:147) ~[mockito-core-5.17.0.jar:na]
	at org.mockito.internal.util.DefaultMockingDetails.isMock(DefaultMockingDetails.java:32) ~[mockito-core-5.17.0.jar:na]
	at org.springframework.boot.test.mock.mockito.MockReset.get(MockReset.java:109) ~[spring-boot-test-3.5.7.jar:3.5.7]
	at org.springframework.boot.test.mock.mockito.ResetMocksTestExecutionListener.resetMocks(ResetMocksTestExecutionListener.java:89) ~[spring-boot-test-3.5.7.jar:3.5.7]
	at org.springframework.boot.test.mock.mockito.ResetMocksTestExecutionListener.resetMocks(ResetMocksTestExecutionListener.java:77) ~[spring-boot-test-3.5.7.jar:3.5.7]
	at org.springframework.boot.test.mock.mockito.ResetMocksTestExecutionListener.beforeTestMethod(ResetMocksTestExecutionListener.java:64) ~[spring-boot-test-3.5.7.jar:3.5.7]
	at org.springframework.test.context.TestContextManager.beforeTestMethod(TestContextManager.java:320) ~[spring-test-6.2.12.jar:6.2.12]
	at org.springframework.test.context.junit.jupiter.SpringExtension.beforeEach(SpringExtension.java:236) ~[spring-test-6.2.12.jar:6.2.12]
	at org.junit.jupiter.engine.descriptor.TestMethodTestDescriptor.lambda$invokeBeforeEachCallbacks$2(TestMethodTestDescriptor.java:165) ~[junit-jupiter-engine-5.12.2.jar:5.12.2]
	at org.junit.jupiter.engine.descriptor.TestMethodTestDescriptor.lambda$invokeBeforeMethodsOrCallbacksUntilExceptionOccurs$6(TestMethodTestDescriptor.java:201) ~[junit-jupiter-engine-5.12.2.jar:5.12.2]
	at org.junit.platform.engine.support.hierarchical.ThrowableCollector.execute(ThrowableCollector.java:73) ~[junit-platform-engine-1.12.2.jar:1.12.2]
	at org.junit.jupiter.engine.descriptor.TestMethodTestDescriptor.invokeBeforeMethodsOrCallbacksUntilExceptionOccurs(TestMethodTestDescriptor.java:201) ~[junit-jupiter-engine-5.12.2.jar:5.12.2]
	at org.junit.jupiter.engine.descriptor.TestMethodTestDescriptor.invokeBeforeEachCallbacks(TestMethodTestDescriptor.java:164) ~[junit-jupiter-engine-5.12.2.jar:5.12.2]
	at org.junit.jupiter.engine.descriptor.TestMethodTestDescriptor.execute(TestMethodTestDescriptor.java:131) ~[junit-jupiter-engine-5.12.2.jar:5.12.2]
	at org.junit.jupiter.engine.descriptor.TestMethodTestDescriptor.execute(TestMethodTestDescriptor.java:69) ~[junit-jupiter-engine-5.12.2.jar:5.12.2]
	at org.junit.platform.engine.support.hierarchical.NodeTestTask.lambda$executeRecursively$6(NodeTestTask.java:156) ~[junit-platform-engine-1.12.2.jar:1.12.2]
	at org.junit.platform.engine.support.hierarchical.ThrowableCollector.execute(ThrowableCollector.java:73) ~[junit-platform-engine-1.12.2.jar:1.12.2]
	at org.junit.platform.engine.support.hierarchical.NodeTestTask.lambda$executeRecursively$8(NodeTestTask.java:146) ~[junit-platform-engine-1.12.2.jar:1.12.2]
	at org.junit.platform.engine.support.hierarchical.Node.around(Node.java:137) ~[junit-platform-engine-1.12.2.jar:1.12.2]
	at org.junit.platform.engine.support.hierarchical.NodeTestTask.lambda$executeRecursively$9(NodeTestTask.java:144) ~[junit-platform-engine-1.12.2.jar:1.12.2]
	at org.junit.platform.engine.support.hierarchical.ThrowableCollector.execute(ThrowableCollector.java:73) ~[junit-platform-engine-1.12.2.jar:1.12.2]
	at org.junit.platform.engine.support.hierarchical.NodeTestTask.executeRecursively(NodeTestTask.java:143) ~[junit-platform-engine-1.12.2.jar:1.12.2]
	at org.junit.platform.engine.support.hierarchical.NodeTestTask.execute(NodeTestTask.java:100) ~[junit-platform-engine-1.12.2.jar:1.12.2]
	at java.base/java.util.ArrayList.forEach(ArrayList.java:1612) ~[na:na]
	at org.junit.platform.engine.support.hierarchical.SameThreadHierarchicalTestExecutorService.invokeAll(SameThreadHierarchicalTestExecutorService.java:41) ~[junit-platform-engine-1.12.2.jar:1.12.2]
	at org.junit.platform.engine.support.hierarchical.NodeTestTask.lambda$executeRecursively$6(NodeTestTask.java:160) ~[junit-platform-engine-1.12.2.jar:1.12.2]
	at org.junit.platform.engine.support.hierarchical.ThrowableCollector.execute(ThrowableCollector.java:73) ~[junit-platform-engine-1.12.2.jar:1.12.2]
	at org.junit.platform.engine.support.hierarchical.NodeTestTask.lambda$executeRecursively$8(NodeTestTask.java:146) ~[junit-platform-engine-1.12.2.jar:1.12.2]
	at org.junit.platform.engine.support.hierarchical.Node.around(Node.java:137) ~[junit-platform-engine-1.12.2.jar:1.12.2]
	at org.junit.platform.engine.support.hierarchical.NodeTestTask.lambda$executeRecursively$9(NodeTestTask.java:144) ~[junit-platform-engine-1.12.2.jar:1.12.2]
	at org.junit.platform.engine.support.hierarchical.ThrowableCollector.execute(ThrowableCollector.java:73) ~[junit-platform-engine-1.12.2.jar:1.12.2]
	at org.junit.platform.engine.support.hierarchical.NodeTestTask.executeRecursively(NodeTestTask.java:143) ~[junit-platform-engine-1.12.2.jar:1.12.2]
	at org.junit.platform.engine.support.hierarchical.NodeTestTask.execute(NodeTestTask.java:100) ~[junit-platform-engine-1.12.2.jar:1.12.2]
	at java.base/java.util.ArrayList.forEach(ArrayList.java:1612) ~[na:na]
	at org.junit.platform.engine.support.hierarchical.SameThreadHierarchicalTestExecutorService.invokeAll(SameThreadHierarchicalTestExecutorService.java:41) ~[junit-platform-engine-1.12.2.jar:1.12.2]
	at org.junit.platform.engine.support.hierarchical.NodeTestTask.lambda$executeRecursively$6(NodeTestTask.java:160) ~[junit-platform-engine-1.12.2.jar:1.12.2]
	at org.junit.platform.engine.support.hierarchical.ThrowableCollector.execute(ThrowableCollector.java:73) ~[junit-platform-engine-1.12.2.jar:1.12.2]
	at org.junit.platform.engine.support.hierarchical.NodeTestTask.lambda$executeRecursively$8(NodeTestTask.java:146) ~[junit-platform-engine-1.12.2.jar:1.12.2]
	at org.junit.platform.engine.support.hierarchical.Node.around(Node.java:137) ~[junit-platform-engine-1.12.2.jar:1.12.2]
	at org.junit.platform.engine.support.hierarchical.NodeTestTask.lambda$executeRecursively$9(NodeTestTask.java:144) ~[junit-platform-engine-1.12.2.jar:1.12.2]
	at org.junit.platform.engine.support.hierarchical.ThrowableCollector.execute(ThrowableCollector.java:73) ~[junit-platform-engine-1.12.2.jar:1.12.2]
	at org.junit.platform.engine.support.hierarchical.NodeTestTask.executeRecursively(NodeTestTask.java:143) ~[junit-platform-engine-1.12.2.jar:1.12.2]
	at org.junit.platform.engine.support.hierarchical.NodeTestTask.execute(NodeTestTask.java:100) ~[junit-platform-engine-1.12.2.jar:1.12.2]
	at org.junit.platform.engine.support.hierarchical.SameThreadHierarchicalTestExecutorService.submit(SameThreadHierarchicalTestExecutorService.java:35) ~[junit-platform-engine-1.12.2.jar:1.12.2]
	at org.junit.platform.engine.support.hierarchical.HierarchicalTestExecutor.execute(HierarchicalTestExecutor.java:57) ~[junit-platform-engine-1.12.2.jar:1.12.2]
	at org.junit.platform.engine.support.hierarchical.HierarchicalTestEngine.execute(HierarchicalTestEngine.java:54) ~[junit-platform-engine-1.12.2.jar:1.12.2]
	at org.junit.platform.launcher.core.EngineExecutionOrchestrator.execute(EngineExecutionOrchestrator.java:201) ~[junit-platform-launcher-1.12.2.jar:1.12.2]
	at org.junit.platform.launcher.core.EngineExecutionOrchestrator.execute(EngineExecutionOrchestrator.java:170) ~[junit-platform-launcher-1.12.2.jar:1.12.2]
	at org.junit.platform.launcher.core.EngineExecutionOrchestrator.execute(EngineExecutionOrchestrator.java:94) ~[junit-platform-launcher-1.12.2.jar:1.12.2]
	at org.junit.platform.launcher.core.EngineExecutionOrchestrator.lambda$execute$0(EngineExecutionOrchestrator.java:59) ~[junit-platform-launcher-1.12.2.jar:1.12.2]
	at org.junit.platform.launcher.core.EngineExecutionOrchestrator.withInterceptedStreams(EngineExecutionOrchestrator.java:142) ~[junit-platform-launcher-1.12.2.jar:1.12.2]
	at org.junit.platform.launcher.core.EngineExecutionOrchestrator.execute(EngineExecutionOrchestrator.java:58) ~[junit-platform-launcher-1.12.2.jar:1.12.2]
	at org.junit.platform.launcher.core.DefaultLauncher.execute(DefaultLauncher.java:103) ~[junit-platform-launcher-1.12.2.jar:1.12.2]
	at org.junit.platform.launcher.core.DefaultLauncher.execute(DefaultLauncher.java:85) ~[junit-platform-launcher-1.12.2.jar:1.12.2]
	at org.junit.platform.launcher.core.DelegatingLauncher.execute(DelegatingLauncher.java:47) ~[junit-platform-launcher-1.12.2.jar:1.12.2]
	at org.junit.platform.launcher.core.InterceptingLauncher.lambda$execute$1(InterceptingLauncher.java:39) ~[junit-platform-launcher-1.12.2.jar:1.12.2]
	at org.junit.platform.launcher.core.ClasspathAlignmentCheckingLauncherInterceptor.intercept(ClasspathAlignmentCheckingLauncherInterceptor.java:25) ~[junit-platform-launcher-1.12.2.jar:1.12.2]
	at org.junit.platform.launcher.core.InterceptingLauncher.execute(InterceptingLauncher.java:38) ~[junit-platform-launcher-1.12.2.jar:1.12.2]
	at org.junit.platform.launcher.core.DelegatingLauncher.execute(DelegatingLauncher.java:47) ~[junit-platform-launcher-1.12.2.jar:1.12.2]
	at org.apache.maven.surefire.junitplatform.LazyLauncher.execute(LazyLauncher.java:56) ~[surefire-junit-platform-3.2.5.jar:3.2.5]
	at org.apache.maven.surefire.junitplatform.JUnitPlatformProvider.execute(JUnitPlatformProvider.java:184) ~[surefire-junit-platform-3.2.5.jar:3.2.5]
	at org.apache.maven.surefire.junitplatform.JUnitPlatformProvider.invokeAllTests(JUnitPlatformProvider.java:148) ~[surefire-junit-platform-3.2.5.jar:3.2.5]
	at org.apache.maven.surefire.junitplatform.JUnitPlatformProvider.invoke(JUnitPlatformProvider.java:122) ~[surefire-junit-platform-3.2.5.jar:3.2.5]
	at org.apache.maven.surefire.booter.ForkedBooter.runSuitesInProcess(ForkedBooter.java:385) ~[surefire-booter-3.2.5.jar:3.2.5]
	at org.apache.maven.surefire.booter.ForkedBooter.execute(ForkedBooter.java:162) ~[surefire-booter-3.2.5.jar:3.2.5]
	at org.apache.maven.surefire.booter.ForkedBooter.run(ForkedBooter.java:507) ~[surefire-booter-3.2.5.jar:3.2.5]
	at org.apache.maven.surefire.booter.ForkedBooter.main(ForkedBooter.java:495) ~[surefire-booter-3.2.5.jar:3.2.5]
Caused by: java.lang.IllegalStateException: Internal problem occurred, please report it. Mockito is unable to load the default implementation of class that is a part of Mockito distribution. Failed to load interface org.mockito.plugins.MockMaker
	at org.mockito.internal.configuration.plugins.DefaultMockitoPlugins.create(DefaultMockitoPlugins.java:105) ~[mockito-core-5.17.0.jar:na]
	at org.mockito.internal.configuration.plugins.DefaultMockitoPlugins.getDefaultPlugin(DefaultMockitoPlugins.java:79) ~[mockito-core-5.17.0.jar:na]
	at org.mockito.internal.configuration.plugins.PluginLoader.loadPlugin(PluginLoader.java:75) ~[mockito-core-5.17.0.jar:na]
	at org.mockito.internal.configuration.plugins.PluginLoader.loadPlugin(PluginLoader.java:49) ~[mockito-core-5.17.0.jar:na]
	at org.mockito.internal.configuration.plugins.PluginRegistry.<init>(PluginRegistry.java:29) ~[mockito-core-5.17.0.jar:na]
	at org.mockito.internal.configuration.plugins.Plugins.<clinit>(Plugins.java:26) ~[mockito-core-5.17.0.jar:na]
	at org.mockito.internal.MockitoCore.<clinit>(MockitoCore.java:71) ~[mockito-core-5.17.0.jar:na]
	at org.mockito.Mockito.<clinit>(Mockito.java:1777) ~[mockito-core-5.17.0.jar:na]
	at org.springframework.boot.test.mock.mockito.MockReset.get(MockReset.java:108) ~[spring-boot-test-3.5.7.jar:3.5.7]
	at org.springframework.boot.test.mock.mockito.ResetMocksTestExecutionListener.resetMocks(ResetMocksTestExecutionListener.java:89) ~[spring-boot-test-3.5.7.jar:3.5.7]
	at org.springframework.boot.test.mock.mockito.ResetMocksTestExecutionListener.resetMocks(ResetMocksTestExecutionListener.java:77) ~[spring-boot-test-3.5.7.jar:3.5.7]
	at org.springframework.boot.test.mock.mockito.ResetMocksTestExecutionListener.beforeTestMethod(ResetMocksTestExecutionListener.java:64) ~[spring-boot-test-3.5.7.jar:3.5.7]
	at org.springframework.test.context.TestContextManager.beforeTestMethod(TestContextManager.java:320) ~[spring-test-6.2.12.jar:6.2.12]
	at org.springframework.test.context.junit.jupiter.SpringExtension.beforeEach(SpringExtension.java:236) ~[spring-test-6.2.12.jar:6.2.12]
	at java.base/java.util.ArrayList.forEach(ArrayList.java:1612) ~[na:na]
	at java.base/java.util.ArrayList.forEach(ArrayList.java:1612) ~[na:na]
Caused by: java.lang.reflect.InvocationTargetException: null
	at java.base/java.lang.reflect.Constructor.newInstanceWithCaller(Constructor.java:499) ~[na:na]
	at java.base/java.lang.reflect.Constructor.newInstance(Constructor.java:483) ~[na:na]
	at org.mockito.internal.configuration.plugins.DefaultMockitoPlugins.create(DefaultMockitoPlugins.java:103) ~[mockito-core-5.17.0.jar:na]
	... 15 common frames omitted
Caused by: org.mockito.exceptions.base.MockitoInitializationException: 
Could not initialize inline Byte Buddy mock maker.

It appears as if your JDK does not supply a working agent attachment mechanism.
Java               : 26
JVM vendor name    : Oracle Corporation
JVM vendor version : 26.0.1+8-34
JVM name           : OpenJDK 64-Bit Server VM
JVM version        : 26.0.1+8-34
JVM info           : mixed mode, sharing
OS name            : Mac OS X
OS version         : 26.3.1

	at org.mockito.internal.creation.bytebuddy.InlineDelegateByteBuddyMockMaker.<init>(InlineDelegateByteBuddyMockMaker.java:275) ~[mockito-core-5.17.0.jar:na]
	at org.mockito.internal.creation.bytebuddy.InlineByteBuddyMockMaker.<init>(InlineByteBuddyMockMaker.java:23) ~[mockito-core-5.17.0.jar:na]
	... 18 common frames omitted
Caused by: java.lang.IllegalStateException: Could not self-attach to current VM using external process - set a property net.bytebuddy.agent.attacher.dump to dump the process output to a file at the specified location
	at net.bytebuddy.agent.ByteBuddyAgent.installExternal(ByteBuddyAgent.java:672) ~[byte-buddy-agent-1.17.8.jar:na]
	at net.bytebuddy.agent.ByteBuddyAgent.install(ByteBuddyAgent.java:599) ~[byte-buddy-agent-1.17.8.jar:na]
	at net.bytebuddy.agent.ByteBuddyAgent.install(ByteBuddyAgent.java:579) ~[byte-buddy-agent-1.17.8.jar:na]
	at net.bytebuddy.agent.ByteBuddyAgent.install(ByteBuddyAgent.java:531) ~[byte-buddy-agent-1.17.8.jar:na]
	at net.bytebuddy.agent.ByteBuddyAgent.install(ByteBuddyAgent.java:508) ~[byte-buddy-agent-1.17.8.jar:na]
	at org.mockito.internal.PremainAttachAccess.getInstrumentation(PremainAttachAccess.java:80) ~[mockito-core-5.17.0.jar:na]
	at org.mockito.internal.creation.bytebuddy.InlineDelegateByteBuddyMockMaker.<clinit>(InlineDelegateByteBuddyMockMaker.java:138) ~[mockito-core-5.17.0.jar:na]
	... 19 common frames omitted

2026-08-06T15:41:29.787+08:00  WARN 50516 --- [spring-boot-starter-smart-mvc-example] [main] o.s.test.context.TestContextManager      : Caught exception while invoking 'afterTestMethod' callback on TestExecutionListener [org.springframework.boot.test.mock.mockito.ResetMocksTestExecutionListener] for test method [void ink.icoding.mvc.ExampleAuthenticationIntegrationTest.rejectsMissingInvalidAndInsufficientCredentials() throws java.lang.Exception] and test instance [ink.icoding.mvc.ExampleAuthenticationIntegrationTest@7ecda95b]

java.lang.IllegalStateException: Could not initialize plugin: interface org.mockito.plugins.MockMaker (alternate: null)
	at org.mockito.internal.configuration.plugins.PluginLoader$1.invoke(PluginLoader.java:85) ~[mockito-core-5.17.0.jar:na]
	at jdk.proxy2/jdk.proxy2.$Proxy85.getHandler(Unknown Source) ~[na:na]
	at org.mockito.internal.util.MockUtil.getMockHandlerOrNull(MockUtil.java:158) ~[mockito-core-5.17.0.jar:na]
	at org.mockito.internal.util.MockUtil.isMock(MockUtil.java:147) ~[mockito-core-5.17.0.jar:na]
	at org.mockito.internal.util.DefaultMockingDetails.isMock(DefaultMockingDetails.java:32) ~[mockito-core-5.17.0.jar:na]
	at org.springframework.boot.test.mock.mockito.MockReset.get(MockReset.java:109) ~[spring-boot-test-3.5.7.jar:3.5.7]
	at org.springframework.boot.test.mock.mockito.ResetMocksTestExecutionListener.resetMocks(ResetMocksTestExecutionListener.java:89) ~[spring-boot-test-3.5.7.jar:3.5.7]
	at org.springframework.boot.test.mock.mockito.ResetMocksTestExecutionListener.resetMocks(ResetMocksTestExecutionListener.java:77) ~[spring-boot-test-3.5.7.jar:3.5.7]
	at org.springframework.boot.test.mock.mockito.ResetMocksTestExecutionListener.afterTestMethod(ResetMocksTestExecutionListener.java:71) ~[spring-boot-test-3.5.7.jar:3.5.7]
	at org.springframework.test.context.TestContextManager.afterTestMethod(TestContextManager.java:488) ~[spring-test-6.2.12.jar:6.2.12]
	at org.springframework.test.context.junit.jupiter.SpringExtension.afterEach(SpringExtension.java:274) ~[spring-test-6.2.12.jar:6.2.12]
	at org.junit.jupiter.engine.descriptor.TestMethodTestDescriptor.lambda$invokeAfterEachCallbacks$12(TestMethodTestDescriptor.java:259) ~[junit-jupiter-engine-5.12.2.jar:5.12.2]
	at org.junit.jupiter.engine.descriptor.TestMethodTestDescriptor.lambda$invokeAllAfterMethodsOrCallbacks$13(TestMethodTestDescriptor.java:275) ~[junit-jupiter-engine-5.12.2.jar:5.12.2]
	at org.junit.platform.engine.support.hierarchical.ThrowableCollector.execute(ThrowableCollector.java:73) ~[junit-platform-engine-1.12.2.jar:1.12.2]
	at org.junit.jupiter.engine.descriptor.TestMethodTestDescriptor.lambda$invokeAllAfterMethodsOrCallbacks$14(TestMethodTestDescriptor.java:275) ~[junit-jupiter-engine-5.12.2.jar:5.12.2]
	at org.junit.platform.commons.util.CollectionUtils.forEachInReverseOrder(CollectionUtils.java:239) ~[junit-platform-commons-1.12.2.jar:1.12.2]
	at org.junit.jupiter.engine.descriptor.TestMethodTestDescriptor.invokeAllAfterMethodsOrCallbacks(TestMethodTestDescriptor.java:274) ~[junit-jupiter-engine-5.12.2.jar:5.12.2]
	at org.junit.jupiter.engine.descriptor.TestMethodTestDescriptor.invokeAfterEachCallbacks(TestMethodTestDescriptor.java:258) ~[junit-jupiter-engine-5.12.2.jar:5.12.2]
	at org.junit.jupiter.engine.descriptor.TestMethodTestDescriptor.execute(TestMethodTestDescriptor.java:143) ~[junit-jupiter-engine-5.12.2.jar:5.12.2]
	at org.junit.jupiter.engine.descriptor.TestMethodTestDescriptor.execute(TestMethodTestDescriptor.java:69) ~[junit-jupiter-engine-5.12.2.jar:5.12.2]
	at org.junit.platform.engine.support.hierarchical.NodeTestTask.lambda$executeRecursively$6(NodeTestTask.java:156) ~[junit-platform-engine-1.12.2.jar:1.12.2]
	at org.junit.platform.engine.support.hierarchical.ThrowableCollector.execute(ThrowableCollector.java:73) ~[junit-platform-engine-1.12.2.jar:1.12.2]
	at org.junit.platform.engine.support.hierarchical.NodeTestTask.lambda$executeRecursively$8(NodeTestTask.java:146) ~[junit-platform-engine-1.12.2.jar:1.12.2]
	at org.junit.platform.engine.support.hierarchical.Node.around(Node.java:137) ~[junit-platform-engine-1.12.2.jar:1.12.2]
	at org.junit.platform.engine.support.hierarchical.NodeTestTask.lambda$executeRecursively$9(NodeTestTask.java:144) ~[junit-platform-engine-1.12.2.jar:1.12.2]
	at org.junit.platform.engine.support.hierarchical.ThrowableCollector.execute(ThrowableCollector.java:73) ~[junit-platform-engine-1.12.2.jar:1.12.2]
	at org.junit.platform.engine.support.hierarchical.NodeTestTask.executeRecursively(NodeTestTask.java:143) ~[junit-platform-engine-1.12.2.jar:1.12.2]
	at org.junit.platform.engine.support.hierarchical.NodeTestTask.execute(NodeTestTask.java:100) ~[junit-platform-engine-1.12.2.jar:1.12.2]
	at java.base/java.util.ArrayList.forEach(ArrayList.java:1612) ~[na:na]
	at org.junit.platform.engine.support.hierarchical.SameThreadHierarchicalTestExecutorService.invokeAll(SameThreadHierarchicalTestExecutorService.java:41) ~[junit-platform-engine-1.12.2.jar:1.12.2]
	at org.junit.platform.engine.support.hierarchical.NodeTestTask.lambda$executeRecursively$6(NodeTestTask.java:160) ~[junit-platform-engine-1.12.2.jar:1.12.2]
	at org.junit.platform.engine.support.hierarchical.ThrowableCollector.execute(ThrowableCollector.java:73) ~[junit-platform-engine-1.12.2.jar:1.12.2]
	at org.junit.platform.engine.support.hierarchical.NodeTestTask.lambda$executeRecursively$8(NodeTestTask.java:146) ~[junit-platform-engine-1.12.2.jar:1.12.2]
	at org.junit.platform.engine.support.hierarchical.Node.around(Node.java:137) ~[junit-platform-engine-1.12.2.jar:1.12.2]
	at org.junit.platform.engine.support.hierarchical.NodeTestTask.lambda$executeRecursively$9(NodeTestTask.java:144) ~[junit-platform-engine-1.12.2.jar:1.12.2]
	at org.junit.platform.engine.support.hierarchical.ThrowableCollector.execute(ThrowableCollector.java:73) ~[junit-platform-engine-1.12.2.jar:1.12.2]
	at org.junit.platform.engine.support.hierarchical.NodeTestTask.executeRecursively(NodeTestTask.java:143) ~[junit-platform-engine-1.12.2.jar:1.12.2]
	at org.junit.platform.engine.support.hierarchical.NodeTestTask.execute(NodeTestTask.java:100) ~[junit-platform-engine-1.12.2.jar:1.12.2]
	at java.base/java.util.ArrayList.forEach(ArrayList.java:1612) ~[na:na]
	at org.junit.platform.engine.support.hierarchical.SameThreadHierarchicalTestExecutorService.invokeAll(SameThreadHierarchicalTestExecutorService.java:41) ~[junit-platform-engine-1.12.2.jar:1.12.2]
	at org.junit.platform.engine.support.hierarchical.NodeTestTask.lambda$executeRecursively$6(NodeTestTask.java:160) ~[junit-platform-engine-1.12.2.jar:1.12.2]
	at org.junit.platform.engine.support.hierarchical.ThrowableCollector.execute(ThrowableCollector.java:73) ~[junit-platform-engine-1.12.2.jar:1.12.2]
	at org.junit.platform.engine.support.hierarchical.NodeTestTask.lambda$executeRecursively$8(NodeTestTask.java:146) ~[junit-platform-engine-1.12.2.jar:1.12.2]
	at org.junit.platform.engine.support.hierarchical.Node.around(Node.java:137) ~[junit-platform-engine-1.12.2.jar:1.12.2]
	at org.junit.platform.engine.support.hierarchical.NodeTestTask.lambda$executeRecursively$9(NodeTestTask.java:144) ~[junit-platform-engine-1.12.2.jar:1.12.2]
	at org.junit.platform.engine.support.hierarchical.ThrowableCollector.execute(ThrowableCollector.java:73) ~[junit-platform-engine-1.12.2.jar:1.12.2]
	at org.junit.platform.engine.support.hierarchical.NodeTestTask.executeRecursively(NodeTestTask.java:143) ~[junit-platform-engine-1.12.2.jar:1.12.2]
	at org.junit.platform.engine.support.hierarchical.NodeTestTask.execute(NodeTestTask.java:100) ~[junit-platform-engine-1.12.2.jar:1.12.2]
	at org.junit.platform.engine.support.hierarchical.SameThreadHierarchicalTestExecutorService.submit(SameThreadHierarchicalTestExecutorService.java:35) ~[junit-platform-engine-1.12.2.jar:1.12.2]
	at org.junit.platform.engine.support.hierarchical.HierarchicalTestExecutor.execute(HierarchicalTestExecutor.java:57) ~[junit-platform-engine-1.12.2.jar:1.12.2]
	at org.junit.platform.engine.support.hierarchical.HierarchicalTestEngine.execute(HierarchicalTestEngine.java:54) ~[junit-platform-engine-1.12.2.jar:1.12.2]
	at org.junit.platform.launcher.core.EngineExecutionOrchestrator.execute(EngineExecutionOrchestrator.java:201) ~[junit-platform-launcher-1.12.2.jar:1.12.2]
	at org.junit.platform.launcher.core.EngineExecutionOrchestrator.execute(EngineExecutionOrchestrator.java:170) ~[junit-platform-launcher-1.12.2.jar:1.12.2]
	at org.junit.platform.launcher.core.EngineExecutionOrchestrator.execute(EngineExecutionOrchestrator.java:94) ~[junit-platform-launcher-1.12.2.jar:1.12.2]
	at org.junit.platform.launcher.core.EngineExecutionOrchestrator.lambda$execute$0(EngineExecutionOrchestrator.java:59) ~[junit-platform-launcher-1.12.2.jar:1.12.2]
	at org.junit.platform.launcher.core.EngineExecutionOrchestrator.withInterceptedStreams(EngineExecutionOrchestrator.java:142) ~[junit-platform-launcher-1.12.2.jar:1.12.2]
	at org.junit.platform.launcher.core.EngineExecutionOrchestrator.execute(EngineExecutionOrchestrator.java:58) ~[junit-platform-launcher-1.12.2.jar:1.12.2]
	at org.junit.platform.launcher.core.DefaultLauncher.execute(DefaultLauncher.java:103) ~[junit-platform-launcher-1.12.2.jar:1.12.2]
	at org.junit.platform.launcher.core.DefaultLauncher.execute(DefaultLauncher.java:85) ~[junit-platform-launcher-1.12.2.jar:1.12.2]
	at org.junit.platform.launcher.core.DelegatingLauncher.execute(DelegatingLauncher.java:47) ~[junit-platform-launcher-1.12.2.jar:1.12.2]
	at org.junit.platform.launcher.core.InterceptingLauncher.lambda$execute$1(InterceptingLauncher.java:39) ~[junit-platform-launcher-1.12.2.jar:1.12.2]
	at org.junit.platform.launcher.core.ClasspathAlignmentCheckingLauncherInterceptor.intercept(ClasspathAlignmentCheckingLauncherInterceptor.java:25) ~[junit-platform-launcher-1.12.2.jar:1.12.2]
	at org.junit.platform.launcher.core.InterceptingLauncher.execute(InterceptingLauncher.java:38) ~[junit-platform-launcher-1.12.2.jar:1.12.2]
	at org.junit.platform.launcher.core.DelegatingLauncher.execute(DelegatingLauncher.java:47) ~[junit-platform-launcher-1.12.2.jar:1.12.2]
	at org.apache.maven.surefire.junitplatform.LazyLauncher.execute(LazyLauncher.java:56) ~[surefire-junit-platform-3.2.5.jar:3.2.5]
	at org.apache.maven.surefire.junitplatform.JUnitPlatformProvider.execute(JUnitPlatformProvider.java:184) ~[surefire-junit-platform-3.2.5.jar:3.2.5]
	at org.apache.maven.surefire.junitplatform.JUnitPlatformProvider.invokeAllTests(JUnitPlatformProvider.java:148) ~[surefire-junit-platform-3.2.5.jar:3.2.5]
	at org.apache.maven.surefire.junitplatform.JUnitPlatformProvider.invoke(JUnitPlatformProvider.java:122) ~[surefire-junit-platform-3.2.5.jar:3.2.5]
	at org.apache.maven.surefire.booter.ForkedBooter.runSuitesInProcess(ForkedBooter.java:385) ~[surefire-booter-3.2.5.jar:3.2.5]
	at org.apache.maven.surefire.booter.ForkedBooter.execute(ForkedBooter.java:162) ~[surefire-booter-3.2.5.jar:3.2.5]
	at org.apache.maven.surefire.booter.ForkedBooter.run(ForkedBooter.java:507) ~[surefire-booter-3.2.5.jar:3.2.5]
	at org.apache.maven.surefire.booter.ForkedBooter.main(ForkedBooter.java:495) ~[surefire-booter-3.2.5.jar:3.2.5]
Caused by: java.lang.IllegalStateException: Internal problem occurred, please report it. Mockito is unable to load the default implementation of class that is a part of Mockito distribution. Failed to load interface org.mockito.plugins.MockMaker
	at org.mockito.internal.configuration.plugins.DefaultMockitoPlugins.create(DefaultMockitoPlugins.java:105) ~[mockito-core-5.17.0.jar:na]
	at org.mockito.internal.configuration.plugins.DefaultMockitoPlugins.getDefaultPlugin(DefaultMockitoPlugins.java:79) ~[mockito-core-5.17.0.jar:na]
	at org.mockito.internal.configuration.plugins.PluginLoader.loadPlugin(PluginLoader.java:75) ~[mockito-core-5.17.0.jar:na]
	at org.mockito.internal.configuration.plugins.PluginLoader.loadPlugin(PluginLoader.java:49) ~[mockito-core-5.17.0.jar:na]
	at org.mockito.internal.configuration.plugins.PluginRegistry.<init>(PluginRegistry.java:29) ~[mockito-core-5.17.0.jar:na]
	at org.mockito.internal.configuration.plugins.Plugins.<clinit>(Plugins.java:26) ~[mockito-core-5.17.0.jar:na]
	at org.mockito.internal.MockitoCore.<clinit>(MockitoCore.java:71) ~[mockito-core-5.17.0.jar:na]
	at org.mockito.Mockito.<clinit>(Mockito.java:1777) ~[mockito-core-5.17.0.jar:na]
	at org.springframework.boot.test.mock.mockito.MockReset.get(MockReset.java:108) ~[spring-boot-test-3.5.7.jar:3.5.7]
	at org.springframework.boot.test.mock.mockito.ResetMocksTestExecutionListener.resetMocks(ResetMocksTestExecutionListener.java:89) ~[spring-boot-test-3.5.7.jar:3.5.7]
	at org.springframework.boot.test.mock.mockito.ResetMocksTestExecutionListener.resetMocks(ResetMocksTestExecutionListener.java:77) ~[spring-boot-test-3.5.7.jar:3.5.7]
	at org.springframework.boot.test.mock.mockito.ResetMocksTestExecutionListener.beforeTestMethod(ResetMocksTestExecutionListener.java:64) ~[spring-boot-test-3.5.7.jar:3.5.7]
	at org.springframework.test.context.TestContextManager.beforeTestMethod(TestContextManager.java:320) ~[spring-test-6.2.12.jar:6.2.12]
	at org.springframework.test.context.junit.jupiter.SpringExtension.beforeEach(SpringExtension.java:236) ~[spring-test-6.2.12.jar:6.2.12]
	at java.base/java.util.ArrayList.forEach(ArrayList.java:1612) ~[na:na]
	at java.base/java.util.ArrayList.forEach(ArrayList.java:1612) ~[na:na]
Caused by: java.lang.reflect.InvocationTargetException: null
	at java.base/java.lang.reflect.Constructor.newInstanceWithCaller(Constructor.java:499) ~[na:na]
	at java.base/java.lang.reflect.Constructor.newInstance(Constructor.java:483) ~[na:na]
	at org.mockito.internal.configuration.plugins.DefaultMockitoPlugins.create(DefaultMockitoPlugins.java:103) ~[mockito-core-5.17.0.jar:na]
	... 15 common frames omitted
Caused by: org.mockito.exceptions.base.MockitoInitializationException: 
Could not initialize inline Byte Buddy mock maker.

It appears as if your JDK does not supply a working agent attachment mechanism.
Java               : 26
JVM vendor name    : Oracle Corporation
JVM vendor version : 26.0.1+8-34
JVM name           : OpenJDK 64-Bit Server VM
JVM version        : 26.0.1+8-34
JVM info           : mixed mode, sharing
OS name            : Mac OS X
OS version         : 26.3.1

	at org.mockito.internal.creation.bytebuddy.InlineDelegateByteBuddyMockMaker.<init>(InlineDelegateByteBuddyMockMaker.java:275) ~[mockito-core-5.17.0.jar:na]
	at org.mockito.internal.creation.bytebuddy.InlineByteBuddyMockMaker.<init>(InlineByteBuddyMockMaker.java:23) ~[mockito-core-5.17.0.jar:na]
	... 18 common frames omitted
Caused by: java.lang.IllegalStateException: Could not self-attach to current VM using external process - set a property net.bytebuddy.agent.attacher.dump to dump the process output to a file at the specified location
	at net.bytebuddy.agent.ByteBuddyAgent.installExternal(ByteBuddyAgent.java:672) ~[byte-buddy-agent-1.17.8.jar:na]
	at net.bytebuddy.agent.ByteBuddyAgent.install(ByteBuddyAgent.java:599) ~[byte-buddy-agent-1.17.8.jar:na]
	at net.bytebuddy.agent.ByteBuddyAgent.install(ByteBuddyAgent.java:579) ~[byte-buddy-agent-1.17.8.jar:na]
	at net.bytebuddy.agent.ByteBuddyAgent.install(ByteBuddyAgent.java:531) ~[byte-buddy-agent-1.17.8.jar:na]
	at net.bytebuddy.agent.ByteBuddyAgent.install(ByteBuddyAgent.java:508) ~[byte-buddy-agent-1.17.8.jar:na]
	at org.mockito.internal.PremainAttachAccess.getInstrumentation(PremainAttachAccess.java:80) ~[mockito-core-5.17.0.jar:na]
	at org.mockito.internal.creation.bytebuddy.InlineDelegateByteBuddyMockMaker.<clinit>(InlineDelegateByteBuddyMockMaker.java:138) ~[mockito-core-5.17.0.jar:na]
	... 19 common frames omitted

2026-08-06T15:42:09.161+08:00  INFO 50602 --- [spring-boot-starter-smart-mvc-example] [main] i.m.ExampleAuthenticationIntegrationTest : Starting ExampleAuthenticationIntegrationTest using Java 26.0.1 with PID 50602 (started by xiatian in /Users/xiatian/projects/GitHub/smart-mvc/spring-boot-starter-smart-mvc-example)
2026-08-06T15:42:09.162+08:00  INFO 50602 --- [spring-boot-starter-smart-mvc-example] [main] i.m.ExampleAuthenticationIntegrationTest : No active profile set, falling back to 1 default profile: "default"
2026-08-06T15:42:09.722+08:00  INFO 50602 --- [spring-boot-starter-smart-mvc-example] [main] o.s.b.t.m.w.SpringBootMockServletContext : Initializing Spring TestDispatcherServlet ''
2026-08-06T15:42:09.722+08:00  INFO 50602 --- [spring-boot-starter-smart-mvc-example] [main] o.s.t.web.servlet.TestDispatcherServlet  : Initializing Servlet ''
2026-08-06T15:42:09.723+08:00  INFO 50602 --- [spring-boot-starter-smart-mvc-example] [main] o.s.t.web.servlet.TestDispatcherServlet  : Completed initialization in 0 ms
2026-08-06T15:42:09.737+08:00  INFO 50602 --- [spring-boot-starter-smart-mvc-example] [main] i.m.ExampleAuthenticationIntegrationTest : Started ExampleAuthenticationIntegrationTest in 0.745 seconds (process running for 1.186)
2026-08-06T15:42:20.513+08:00  INFO 50602 --- [spring-boot-starter-smart-mvc-example] [main] i.i.mvc.auth.ExampleAuthController       : HTTP GET /auth/public -> 200 (29 ms)
2026-08-06T15:42:20.571+08:00  INFO 50602 --- [spring-boot-starter-smart-mvc-example] [main] i.i.mvc.auth.ExampleAuthController       : HTTP POST /auth/login -> 200 (39 ms)
2026-08-06T15:42:20.579+08:00  INFO 50602 --- [spring-boot-starter-smart-mvc-example] [main] i.i.mvc.auth.ExampleAuthController       : HTTP GET /auth/me -> 200 (5 ms)
2026-08-06T15:42:20.581+08:00  INFO 50602 --- [spring-boot-starter-smart-mvc-example] [main] i.i.mvc.auth.ExampleAuthController       : HTTP GET /auth/admin -> 200 (1 ms)
2026-08-06T15:42:20.591+08:00  INFO 50602 --- [spring-boot-starter-smart-mvc-example] [main] i.i.mvc.auth.ExampleAuthController       : HTTP GET /auth/me -> 401 (5 ms)
2026-08-06T15:42:20.594+08:00  INFO 50602 --- [spring-boot-starter-smart-mvc-example] [main] i.i.mvc.auth.ExampleAuthController       : HTTP POST /auth/login -> 401 (1 ms)
2026-08-06T15:42:20.596+08:00  INFO 50602 --- [spring-boot-starter-smart-mvc-example] [main] i.i.mvc.auth.ExampleAuthController       : HTTP POST /auth/login -> 200 (0 ms)
2026-08-06T15:42:20.597+08:00  INFO 50602 --- [spring-boot-starter-smart-mvc-example] [main] i.i.mvc.auth.ExampleAuthController       : HTTP GET /auth/admin -> 403 (0 ms)
2026-08-06T15:43:10.484+08:00  INFO 50725 --- [spring-boot-starter-smart-mvc-example] [main] i.m.ExampleAuthenticationIntegrationTest : Starting ExampleAuthenticationIntegrationTest using Java 26.0.1 with PID 50725 (started by xiatian in /Users/xiatian/projects/GitHub/smart-mvc/spring-boot-starter-smart-mvc-example)
2026-08-06T15:43:10.485+08:00  INFO 50725 --- [spring-boot-starter-smart-mvc-example] [main] i.m.ExampleAuthenticationIntegrationTest : No active profile set, falling back to 1 default profile: "default"
2026-08-06T15:43:11.686+08:00  INFO 50725 --- [spring-boot-starter-smart-mvc-example] [main] o.s.b.t.m.w.SpringBootMockServletContext : Initializing Spring TestDispatcherServlet ''
2026-08-06T15:43:11.687+08:00  INFO 50725 --- [spring-boot-starter-smart-mvc-example] [main] o.s.t.web.servlet.TestDispatcherServlet  : Initializing Servlet ''
2026-08-06T15:43:11.689+08:00  INFO 50725 --- [spring-boot-starter-smart-mvc-example] [main] o.s.t.web.servlet.TestDispatcherServlet  : Completed initialization in 1 ms
2026-08-06T15:43:11.708+08:00  INFO 50725 --- [spring-boot-starter-smart-mvc-example] [main] i.m.ExampleAuthenticationIntegrationTest : Started ExampleAuthenticationIntegrationTest in 1.407 seconds (process running for 1.836)
2026-08-06T15:43:11.775+08:00  INFO 50725 --- [spring-boot-starter-smart-mvc-example] [main] i.i.mvc.auth.ExampleAuthController       : HTTP GET /auth/public -> 200 (45 ms)
2026-08-06T15:43:11.856+08:00  INFO 50725 --- [spring-boot-starter-smart-mvc-example] [main] i.i.mvc.auth.ExampleAuthController       : HTTP POST /auth/login -> 200 (45 ms)
2026-08-06T15:43:11.865+08:00  INFO 50725 --- [spring-boot-starter-smart-mvc-example] [main] i.i.mvc.auth.ExampleAuthController       : HTTP GET /auth/me -> 200 (6 ms)
2026-08-06T15:43:11.869+08:00  INFO 50725 --- [spring-boot-starter-smart-mvc-example] [main] i.i.mvc.auth.ExampleAuthController       : HTTP GET /auth/admin -> 200 (1 ms)
2026-08-06T15:43:11.876+08:00  INFO 50725 --- [spring-boot-starter-smart-mvc-example] [main] i.i.mvc.auth.ExampleAuthController       : HTTP GET /auth/me -> 401 (4 ms)
2026-08-06T15:43:11.880+08:00  INFO 50725 --- [spring-boot-starter-smart-mvc-example] [main] i.i.mvc.auth.ExampleAuthController       : HTTP POST /auth/login -> 401 (2 ms)
2026-08-06T15:43:11.881+08:00  INFO 50725 --- [spring-boot-starter-smart-mvc-example] [main] i.i.mvc.auth.ExampleAuthController       : HTTP POST /auth/login -> 200 (0 ms)
2026-08-06T15:43:11.882+08:00  INFO 50725 --- [spring-boot-starter-smart-mvc-example] [main] i.i.mvc.auth.ExampleAuthController       : HTTP GET /auth/admin -> 403 (0 ms)
2026-08-06T15:43:31.074+08:00  INFO 50779 --- [spring-boot-starter-smart-mvc-example] [main] .i.m.SmartMvcSpringBootStarterExampleApp : Starting SmartMvcSpringBootStarterExampleApp using Java 26.0.1 with PID 50779 (/Users/xiatian/projects/GitHub/smart-mvc/spring-boot-starter-smart-mvc-example/target/classes started by xiatian in /Users/xiatian/projects/GitHub/smart-mvc/spring-boot-starter-smart-mvc-example)
2026-08-06T15:43:31.075+08:00  INFO 50779 --- [spring-boot-starter-smart-mvc-example] [main] .i.m.SmartMvcSpringBootStarterExampleApp : No active profile set, falling back to 1 default profile: "default"
2026-08-06T15:43:31.392+08:00  INFO 50779 --- [spring-boot-starter-smart-mvc-example] [main] o.s.b.w.embedded.tomcat.TomcatWebServer  : Tomcat initialized with port 18087 (http)
2026-08-06T15:43:31.400+08:00  INFO 50779 --- [spring-boot-starter-smart-mvc-example] [main] o.apache.catalina.core.StandardService   : Starting service [Tomcat]
2026-08-06T15:43:31.400+08:00  INFO 50779 --- [spring-boot-starter-smart-mvc-example] [main] o.apache.catalina.core.StandardEngine    : Starting Servlet engine: [Apache Tomcat/10.1.48]
2026-08-06T15:43:31.421+08:00  INFO 50779 --- [spring-boot-starter-smart-mvc-example] [main] o.a.c.c.C.[Tomcat].[localhost].[/]       : Initializing Spring embedded WebApplicationContext
2026-08-06T15:43:31.421+08:00  INFO 50779 --- [spring-boot-starter-smart-mvc-example] [main] w.s.c.ServletWebServerApplicationContext : Root WebApplicationContext: initialization completed in 329 ms
2026-08-06T15:43:31.568+08:00  INFO 50779 --- [spring-boot-starter-smart-mvc-example] [main] o.s.b.w.embedded.tomcat.TomcatWebServer  : Tomcat started on port 18087 (http) with context path '/'
2026-08-06T15:43:31.572+08:00  INFO 50779 --- [spring-boot-starter-smart-mvc-example] [main] .i.m.SmartMvcSpringBootStarterExampleApp : Started SmartMvcSpringBootStarterExampleApp in 0.688 seconds (process running for 0.806)
2026-08-06T15:44:04.731+08:00  INFO 50779 --- [spring-boot-starter-smart-mvc-example] [http-nio-18087-exec-1] o.a.c.c.C.[Tomcat].[localhost].[/]       : Initializing Spring DispatcherServlet 'dispatcherServlet'
2026-08-06T15:44:04.732+08:00  INFO 50779 --- [spring-boot-starter-smart-mvc-example] [http-nio-18087-exec-1] o.s.web.servlet.DispatcherServlet        : Initializing Servlet 'dispatcherServlet'
2026-08-06T15:44:04.733+08:00  INFO 50779 --- [spring-boot-starter-smart-mvc-example] [http-nio-18087-exec-1] o.s.web.servlet.DispatcherServlet        : Completed initialization in 1 ms
2026-08-06T15:44:04.770+08:00  INFO 50779 --- [spring-boot-starter-smart-mvc-example] [http-nio-18087-exec-1] i.i.mvc.auth.ExampleAuthController       : HTTP GET /auth/admin -> 403 (34 ms)
2026-08-06T15:44:05.209+08:00  INFO 50779 --- [spring-boot-starter-smart-mvc-example] [http-nio-18087-exec-2] i.i.mvc.auth.ExampleAuthController       : HTTP POST /auth/login -> 200 (36 ms)
2026-08-06T15:44:05.479+08:00  INFO 50779 --- [spring-boot-starter-smart-mvc-example] [http-nio-18087-exec-4] i.i.mvc.auth.ExampleAuthController       : HTTP GET /auth/admin -> 200 (4 ms)
2026-08-06T15:44:06.751+08:00  INFO 50779 --- [spring-boot-starter-smart-mvc-example] [http-nio-18087-exec-6] i.i.mvc.auth.ExampleAuthController       : HTTP GET /auth/me -> 401 (0 ms)
2026-08-06T15:44:11.088+08:00  INFO 50779 --- [spring-boot-starter-smart-mvc-example] [SpringApplicationShutdownHook] o.s.b.w.e.tomcat.GracefulShutdown        : Commencing graceful shutdown. Waiting for active requests to complete
2026-08-06T15:44:11.094+08:00  INFO 50779 --- [spring-boot-starter-smart-mvc-example] [tomcat-shutdown] o.s.b.w.e.tomcat.GracefulShutdown        : Graceful shutdown complete
2026-08-06T16:57:01.745+08:00  INFO 65191 --- [spring-boot-starter-smart-mvc-example] [main] i.m.ExampleAuthenticationIntegrationTest : Starting ExampleAuthenticationIntegrationTest using Java 26.0.1 with PID 65191 (started by xiatian in /Users/xiatian/projects/GitHub/smart-mvc/spring-boot-starter-smart-mvc-example)
2026-08-06T16:57:01.751+08:00  INFO 65191 --- [spring-boot-starter-smart-mvc-example] [main] i.m.ExampleAuthenticationIntegrationTest : No active profile set, falling back to 1 default profile: "default"
2026-08-06T16:57:02.401+08:00  INFO 65191 --- [spring-boot-starter-smart-mvc-example] [main] o.s.b.t.m.w.SpringBootMockServletContext : Initializing Spring TestDispatcherServlet ''
2026-08-06T16:57:02.401+08:00  INFO 65191 --- [spring-boot-starter-smart-mvc-example] [main] o.s.t.web.servlet.TestDispatcherServlet  : Initializing Servlet ''
2026-08-06T16:57:02.401+08:00  INFO 65191 --- [spring-boot-starter-smart-mvc-example] [main] o.s.t.web.servlet.TestDispatcherServlet  : Completed initialization in 0 ms
2026-08-06T16:57:02.415+08:00  INFO 65191 --- [spring-boot-starter-smart-mvc-example] [main] i.m.ExampleAuthenticationIntegrationTest : Started ExampleAuthenticationIntegrationTest in 0.876 seconds (process running for 1.354)
2026-08-06T16:57:02.466+08:00  INFO 65191 --- [spring-boot-starter-smart-mvc-example] [main] i.i.mvc.auth.ExampleAuthController       : HTTP GET /auth/public -> 200 (36 ms)
2026-08-06T16:57:02.555+08:00  INFO 65191 --- [spring-boot-starter-smart-mvc-example] [main] i.i.mvc.auth.ExampleAuthController       : HTTP POST /auth/login -> 200 (64 ms)
2026-08-06T16:57:02.567+08:00  INFO 65191 --- [spring-boot-starter-smart-mvc-example] [main] i.i.mvc.auth.ExampleAuthController       : HTTP GET /auth/me -> 200 (8 ms)
2026-08-06T16:57:02.570+08:00  INFO 65191 --- [spring-boot-starter-smart-mvc-example] [main] i.i.mvc.auth.ExampleAuthController       : HTTP GET /auth/admin -> 200 (1 ms)
2026-08-06T16:57:02.578+08:00  INFO 65191 --- [spring-boot-starter-smart-mvc-example] [main] i.i.mvc.auth.ExampleAuthController       : HTTP GET /auth/me -> 401 (5 ms)
2026-08-06T16:57:02.581+08:00  INFO 65191 --- [spring-boot-starter-smart-mvc-example] [main] i.i.mvc.auth.ExampleAuthController       : HTTP POST /auth/login -> 401 (1 ms)
2026-08-06T16:57:02.583+08:00  INFO 65191 --- [spring-boot-starter-smart-mvc-example] [main] i.i.mvc.auth.ExampleAuthController       : HTTP POST /auth/login -> 200 (1 ms)
2026-08-06T16:57:02.585+08:00  INFO 65191 --- [spring-boot-starter-smart-mvc-example] [main] i.i.mvc.auth.ExampleAuthController       : HTTP GET /auth/admin -> 403 (0 ms)
2026-08-06T17:00:31.014+08:00  INFO 66076 --- [spring-boot-starter-smart-mvc-example] [main] i.m.ExampleAuthenticationIntegrationTest : Starting ExampleAuthenticationIntegrationTest using Java 26.0.1 with PID 66076 (started by xiatian in /Users/xiatian/projects/GitHub/smart-mvc/spring-boot-starter-smart-mvc-example)
2026-08-06T17:00:31.015+08:00  INFO 66076 --- [spring-boot-starter-smart-mvc-example] [main] i.m.ExampleAuthenticationIntegrationTest : No active profile set, falling back to 1 default profile: "default"
2026-08-06T17:00:31.689+08:00  INFO 66076 --- [spring-boot-starter-smart-mvc-example] [main] o.s.b.t.m.w.SpringBootMockServletContext : Initializing Spring TestDispatcherServlet ''
2026-08-06T17:00:31.690+08:00  INFO 66076 --- [spring-boot-starter-smart-mvc-example] [main] o.s.t.web.servlet.TestDispatcherServlet  : Initializing Servlet ''
2026-08-06T17:00:31.690+08:00  INFO 66076 --- [spring-boot-starter-smart-mvc-example] [main] o.s.t.web.servlet.TestDispatcherServlet  : Completed initialization in 0 ms
2026-08-06T17:00:31.714+08:00  INFO 66076 --- [spring-boot-starter-smart-mvc-example] [main] i.m.ExampleAuthenticationIntegrationTest : Started ExampleAuthenticationIntegrationTest in 0.895 seconds (process running for 1.38)
2026-08-06T17:00:31.771+08:00  INFO 66076 --- [spring-boot-starter-smart-mvc-example] [main] i.i.mvc.auth.ExampleAuthController       : HTTP GET /auth/public -> 200 (40 ms)
2026-08-06T17:00:31.862+08:00  INFO 66076 --- [spring-boot-starter-smart-mvc-example] [main] i.i.mvc.auth.ExampleAuthController       : HTTP POST /auth/login -> 200 (57 ms)
2026-08-06T17:00:31.876+08:00  INFO 66076 --- [spring-boot-starter-smart-mvc-example] [main] i.i.mvc.auth.ExampleAuthController       : HTTP GET /auth/me -> 200 (10 ms)
2026-08-06T17:00:31.880+08:00  INFO 66076 --- [spring-boot-starter-smart-mvc-example] [main] i.i.mvc.auth.ExampleAuthController       : HTTP GET /auth/admin -> 200 (2 ms)
2026-08-06T17:00:31.900+08:00  INFO 66076 --- [spring-boot-starter-smart-mvc-example] [main] i.i.mvc.auth.ExampleAuthController       : HTTP POST /auth/login -> 400 (15 ms)
2026-08-06T17:00:31.907+08:00  INFO 66076 --- [spring-boot-starter-smart-mvc-example] [main] i.i.mvc.auth.ExampleAuthController       : HTTP GET /auth/me -> 401 (1 ms)
2026-08-06T17:00:31.910+08:00  INFO 66076 --- [spring-boot-starter-smart-mvc-example] [main] i.i.mvc.auth.ExampleAuthController       : HTTP POST /auth/login -> 401 (1 ms)
2026-08-06T17:00:31.912+08:00  INFO 66076 --- [spring-boot-starter-smart-mvc-example] [main] i.i.mvc.auth.ExampleAuthController       : HTTP POST /auth/login -> 200 (0 ms)
2026-08-06T17:00:31.914+08:00  INFO 66076 --- [spring-boot-starter-smart-mvc-example] [main] i.i.mvc.auth.ExampleAuthController       : HTTP GET /auth/admin -> 403 (1 ms)
